Saved Date,Job Url,Job Title,Company Name
"7/6/26, 12:40 PM",http://www.linkedin.com/jobs/view/4437184236,Software Quality Analyst (Remote),Hire Feed
"7/2/26, 2:14 PM",http://www.linkedin.com/jobs/view/4434631363,Sr. QA Test Engineer,Verisma
"7/14/26, 9:33 AM",http://www.linkedin.com/jobs/view/4432648659,SDET / QA Automation Engineer - Fintech/Web3,Bitrefill
"5/22/26, 11:02 AM",http://www.linkedin.com/jobs/view/4415954818,Analista de calidad de Software - Automatizador de Pruebas,PRAGMA
"8/16/26, 5:52 PM",http://www.linkedin.com/jobs/view/4455182516,AI Engineer (Remote),Lumenalta
"7/21/26, 6:08 AM",http://www.linkedin.com/jobs/view/4438866578,Senior QA Analyst,Huge
"7/21/26, 6:05 AM",http://www.linkedin.com/jobs/view/4432826519,QE Architect – Test Automation,Encora Inc.
"5/20/26, 10:25 AM",http://www.linkedin.com/jobs/view/4411258462,Analista de Automatización e IA,Cabify
"8/22/26, 6:59 PM",http://www.linkedin.com/jobs/view/4440229487,QA Funcional IT,METRICA
"8/13/26, 8:14 PM",http://www.linkedin.com/jobs/view/4388595338,Technical Lead Manager,Aplazo
"3/29/23, 8:03 AM",http://www.linkedin.com/jobs/view/3541594474,Data Scientist ,Banco de Bogotá
"8/10/26, 6:52 PM",http://www.linkedin.com/jobs/view/4409050652,Senior SDET,Encora Inc.
"8/8/26, 7:48 PM",http://www.linkedin.com/jobs/view/4450377579,Technical Lead,AgileEngine
"7/22/26, 5:22 AM",http://www.linkedin.com/jobs/view/4443725129,QA Lead,Huge
"7/17/26, 5:07 PM",http://www.linkedin.com/jobs/view/4431291800,Manager Quality Engineer,AspenView Technology Partners
"7/15/23, 2:31 PM",http://www.linkedin.com/jobs/view/3634374944,Test Engineer,Turing
"6/11/26, 8:23 AM",http://www.linkedin.com/jobs/view/4427062484,Senior Quality Assurance Automation Engineer,CodeRoad Inc
"3/30/26, 8:30 AM",http://www.linkedin.com/jobs/view/4392767235,Back End Software Engineers,Ladders
"7/16/26, 12:46 PM",http://www.linkedin.com/jobs/view/4411895116,Senior QA Automation Engineer,Proxify
"7/18/26, 8:24 AM",http://www.linkedin.com/jobs/view/4422605832,"Senior .Net/C# Developer, SaaS Manager",1Password
"7/31/26, 10:33 AM",http://www.linkedin.com/jobs/view/4446405418,Technical Lead ID71009,AgileEngine
"7/22/26, 12:38 PM",http://www.linkedin.com/jobs/view/4443084540,Backend Engineer,Clerkie
"7/2/26, 3:19 PM",http://www.linkedin.com/jobs/view/4431179654,Performance Test Engineer,SII Group Colombia
"5/26/26, 12:40 PM",http://www.linkedin.com/jobs/view/4416725974, Process Automation Engineer,Bold.co
"3/16/26, 1:06 PM",http://www.linkedin.com/jobs/view/4368998655,,
"7/18/26, 1:39 PM",http://www.linkedin.com/jobs/view/4441172567,ServiceNow QA Analyst,Cognizant
"7/22/26, 5:15 AM",http://www.linkedin.com/jobs/view/4443511607,ANALISTA SQA SENIOR,Keralty
"6/21/26, 3:24 PM",http://www.linkedin.com/jobs/view/4363130828,Sr. SDET (Gaming Industry),Perform
"3/4/26, 1:28 PM",http://www.linkedin.com/jobs/view/4377576958,Senior QA Automation - Playwright,Sparq
"7/14/26, 8:45 AM",http://www.linkedin.com/jobs/view/4431289855,QA Automation Analyst | Testing Funcional y Automatización,Fistrek
"5/20/26, 9:07 PM",http://www.linkedin.com/jobs/view/4415999626,Senior Quality Engineer,Publicis Groupe
"3/11/26, 4:11 PM",http://www.linkedin.com/jobs/view/4383355131,Senior QA Automation Engineer (Playwright),Lumenalta
"5/4/26, 6:16 PM",http://www.linkedin.com/jobs/view/4359872107,"Senior Software Engineer, Search Infrastructure",Yahoo
"8/3/26, 4:00 PM",http://www.linkedin.com/jobs/view/4446770293,Senior Quality Assurance Specialist,Loka
"4/25/26, 12:46 PM",http://www.linkedin.com/jobs/view/4405019633,Analista de Calidad de Software Automatizador  ,PRAGMA
"8/3/26, 1:37 PM",http://www.linkedin.com/jobs/view/4442428568,Senior Cloud Operations Engineer,IgniteTech
"7/21/26, 6:04 AM",http://www.linkedin.com/jobs/view/4440279342,Senior/Lead QA Automation Engineer ID71661,AgileEngine
"6/27/26, 9:27 PM",http://www.linkedin.com/jobs/view/4432431482,Quality Assurance Automation Engineer,Impiricus
"4/28/26, 7:19 PM",http://www.linkedin.com/jobs/view/4407557728,Freelance QA Analyst,Huge
"5/20/26, 9:02 PM",http://www.linkedin.com/jobs/view/4406491824,Senior Test Automation Engineer (Web),"Solvd, Inc."
"6/5/26, 6:22 PM",http://www.linkedin.com/jobs/view/4344221150,Senior SDET,Perform
"4/25/26, 6:44 PM",http://www.linkedin.com/jobs/view/4404924664,QA Lead,Huge
"7/29/26, 5:46 PM",http://www.linkedin.com/jobs/view/4446504434,Senior Software Quality Analyst,IgniteTech
"3/11/21, 3:06 PM",http://www.linkedin.com/jobs/view/2440629618,PHP Developer (100% Remote),Optello
"7/28/26, 5:30 AM",http://www.linkedin.com/jobs/view/4445179507,Backend Engineer Node.js + AWS,Deel
"7/2/26, 2:14 PM",http://www.linkedin.com/jobs/view/4432686055,Software Test Engineer,Aquent
"6/25/26, 3:21 PM",http://www.linkedin.com/jobs/view/4401387869,QA Automation Engineer,Brandt Information Services
"7/2/26, 2:14 PM",http://www.linkedin.com/jobs/view/4436300959,"QA Engineer, Automation",Sundayy
"6/15/26, 5:07 PM",http://www.linkedin.com/jobs/view/4428358577,Senior Software Engineer,Microsoft
"7/22/26, 12:36 PM",http://www.linkedin.com/jobs/view/4443324169,Back End Developer,BJAK
"6/25/26, 3:31 PM",http://www.linkedin.com/jobs/view/4430209618,SDET/Automation QA Engineer,Ladders
"7/27/26, 4:53 AM",http://www.linkedin.com/jobs/view/4436154718,Senior QA Automation Engineer (Playwright & Mobile),Applaudo
"7/15/23, 2:31 PM",http://www.linkedin.com/jobs/view/3657190365,Ingeniero de Pruebas,Turing
"7/21/26, 6:07 AM",http://www.linkedin.com/jobs/view/4432831514,QE Lead – Test Automation (B2-C1 English),Encora Inc.
"8/20/26, 1:45 PM",http://www.linkedin.com/jobs/view/4456396025,Automation Engineer,Xebia
"6/19/18, 8:18 AM",http://www.linkedin.com/jobs/view/732584208,Regional Internal Auditor,Kimberly-Clark
"3/4/26, 1:26 PM",http://www.linkedin.com/jobs/view/4378380936,QA Automation Lead ﻿(Playwright / Selenium),Nearshore Business Solutions
"6/24/26, 8:29 AM",http://www.linkedin.com/jobs/view/4426182310,"Automation Tester (Playwrigth, Typescript, Salesforce)",Sofka Technologies
"7/21/26, 8:36 PM",http://www.linkedin.com/jobs/view/4443567301,Senior Quality Assurance Automation Engineer,CodeRoad Inc
"8/5/26, 11:58 AM",http://www.linkedin.com/jobs/view/4437331010,Senior Back End Engineer,Peerspace
"7/21/26, 6:05 AM",http://www.linkedin.com/jobs/view/4440249259,Senior QA Automation Engineer ID72456,AgileEngine
"5/22/26, 1:11 PM",http://www.linkedin.com/jobs/view/4414695721,Analista de automatización de pruebas,Comfama Empleo
"5/28/26, 7:28 AM",http://www.linkedin.com/jobs/view/4414352958,AI Automation Engineer Procesos Financieros,Factech Servicios Informáticos
"6/4/26, 12:01 PM",http://www.linkedin.com/jobs/view/4415962719,Software Development Engineer in Test (SDET),Capgemini Engineering
"3/4/26, 8:27 AM",http://www.linkedin.com/jobs/view/4379244353,QA Automation Senior Freelance,Amaris Consulting
"3/4/26, 1:42 PM",http://www.linkedin.com/jobs/view/4379790846,Senior QA Automation Engineer (Selenium / Java),Lumenalta
"7/14/26, 8:47 AM",http://www.linkedin.com/jobs/view/4406546556,QA Automation Engineer (Playwright + Karate),METRICA
"2/25/26, 6:18 PM",http://www.linkedin.com/jobs/view/4372141629,,
"8/18/26, 5:01 PM",http://www.linkedin.com/jobs/view/4452522234,Subgerente de QA,Diners Club Perú
"6/25/26, 12:44 PM",http://www.linkedin.com/jobs/view/4429817722,Software Developer,Dayforce
"8/16/26, 10:42 AM",http://www.linkedin.com/jobs/view/4454597983,Senior Software Development Engineer (SDE),Encora Inc.
"7/14/26, 9:11 AM",http://www.linkedin.com/jobs/view/4431705285,Software Quality Engineer (Automation & Testing),Clario
"7/2/26, 2:14 PM",http://www.linkedin.com/jobs/view/4420772073,Senior Software Quality Assurance (SQA) Engineering Lead,"iRhythm Technologies, Inc."
"8/2/26, 12:08 PM",http://www.linkedin.com/jobs/view/4446126456,Automation Specialist,micro1
"6/24/26, 8:31 AM",http://www.linkedin.com/jobs/view/4431151745,Functional QA Engineer (Temporary Contract),Applaudo
"7/2/26, 3:19 PM",http://www.linkedin.com/jobs/view/4406442158,Sr. QA Automation Engineer,Backblaze
"7/2/26, 2:14 PM",http://www.linkedin.com/jobs/view/4429363783,Automation Software Test Engineer - REMOTE,Zachary Piper Solutions
