Date,Link,Message
2026-08-25 14:27:40,https://www.linkedin.com/feed/update/urn%3Ali%3Aactivity%3A7497676566286606336,"Hola, excelente oportunidad. Cuento con amplia trayectoria como Senior QA Automation Lead diseñando e implementando frameworks de pruebas automatizadas y estrategias de CI/CD.
Me interesa la posición de QA Automatizador bajo la modalidad de prestación de servicios. Te he dejado un mensaje por interno para compartirte los detalles de mi perfil. ¡Quedo atento a tu respuesta!"
2026-08-24 10:55:13,https://www.linkedin.com/feed/update/urn%3Ali%3Aactivity%3A7493222627667247104,"Hi Lam, I saw your post about the QA Manager / QA Auto Lead roles. I'm a Senior QA Automation Engineer with 8+ years, strong in Playwright, Appium, Java, Python, and CI/CD. I've led teams and built frameworks from scratch. Fluent English, remote ready. CV attached. Let me know if you're interested. Thanks"
2026-08-24 02:23:56,https://www.linkedin.com/feed/update/urn%3Ali%3Aactivity%3A7496782563621896192,Interested
2026-08-21 11:14:42,https://www.linkedin.com/feed/update/urn%3Ali%3Aactivity%3A7496112412660482050,"Hi Duy, interested in Senior QA Automation. 8+ years, Playwright, TypeScript, API testing. Fluent English. CV attached. Thanks!"
2026-08-20 20:05:49,https://www.linkedin.com/feed/update/urn%3Ali%3Aactivity%3A7496236073300377600,"Hello, I'm interested in the position."
2026-08-19 13:27:49,https://www.linkedin.com/feed/update/urn%3Ali%3Aactivity%3A7495607086811328512,Mr interesa la vacante
2026-08-18 18:35:41,https://www.linkedin.com/feed/update/urn%3Ali%3Aactivity%3A7495506738545340416,"Me interesa"
2026-08-18 13:57:49,https://www.linkedin.com/feed/update/urn%3Ali%3Aactivity%3A7495443996161404928,Me interesa!!!
2026-08-17 00:40:29,https://www.linkedin.com/feed/update/urn%3Ali%3Aactivity%3A7492952970104545280,Me interesa
2026-08-15 00:02:55,https://www.linkedin.com/feed/update/urn%3Ali%3Aactivity%3A7493498670470823936,"Hola Yadira, me interesa la oportunidad. Soy Senior QA Automation Engineer / SDET con 8+ años de experiencia en QA y automatización, con experiencia práctica en Playwright, Java, Selenium/Cucumber, Postman, Jira y diseño de frameworks de automatización. Considero que mi experiencia está muy alineada con el perfil que buscan. Me gustaría conversar contigo sobre la oportunidad. ¡Gracias!"
2026-08-14 03:21:20,https://www.linkedin.com/feed/update/urn%3Ali%3Aactivity%3A7493684019667255296,"info"
2026-08-13 21:52:46,https://www.linkedin.com/feed/update/urn%3Ali%3Aactivity%3A7493682796088029184,"info"
2026-08-11 21:40:21,https://www.linkedin.com/feed/update/urn%3Ali%3Aactivity%3A7490505266938052608,Estoy interesado
2026-08-11 21:39:50,https://www.linkedin.com/feed/update/urn%3Ali%3Aactivity%3A7492946107157671937,"Hi Tony, I'm very interested"
2026-08-10 11:26:45,https://www.linkedin.com/feed/update/urn%3Ali%3Aactivity%3A7490932309567696896,"Yo, Abierto a una nueva oportunidades en QA Automation, SDET y Software Engineering. ¡Siempre dispuesto a conectar y conocer nuevos retos!"
2026-08-03 12:24:20,https://www.linkedin.com/feed/update/urn%3Ali%3Aactivity%3A7489877989569236992,Interested
2026-08-03 12:24:01,https://www.linkedin.com/feed/update/urn%3Ali%3Aactivity%3A7489876106146185216,Interested
2026-08-03 12:03:07,https://www.linkedin.com/feed/update/urn%3Ali%3Aactivity%3A7489881093786185728,interested
2026-07-30 16:31:44,https://www.linkedin.com/feed/update/urn%3Ali%3Aactivity%3A7487970845668216832,"Me interesa, como puedo hacer para participar"
2026-07-30 00:31:24,https://www.linkedin.com/feed/update/urn%3Ali%3Aactivity%3A7488338467374940161,.
2026-07-28 14:36:23,https://www.linkedin.com/feed/update/urn%3Ali%3Aactivity%3A7487592654759952385,"Me interesa, me ayudas con el contactó de la reclutadora!!!"
2026-07-23 13:39:01,https://www.linkedin.com/feed/update/urn%3Ali%3Aactivity%3A7485831051349614592,"SDET, Buscando nuevas oportunidades remotas en LATAM y Estados Unidos."
2026-07-22 22:09:49,https://www.linkedin.com/feed/update/urn%3Ali%3Aactivity%3A7485695197062860800,Mini guía
2026-07-22 11:28:23,https://www.linkedin.com/feed/update/urn%3Ali%3AugcPost%3A7484277912565882880,Guía
2026-07-09 13:52:31,https://www.linkedin.com/feed/update/urn%3Ali%3Aactivity%3A7480753708687945728,"Interesado"
2026-07-01 15:04:33,https://www.linkedin.com/feed/update/urn%3Ali%3Aactivity%3A7476335427545812992,I'm interested!!!!
2026-06-18 16:25:55,https://www.linkedin.com/feed/update/urn%3Ali%3Aactivity%3A7473331921117175808,GLOBAL
2026-05-26 14:51:05,https://www.linkedin.com/feed/update/urn%3Ali%3Aactivity%3A7465019717309808640,"Lista"
2026-03-11 14:52:20,https://www.linkedin.com/feed/update/urn%3Ali%3AugcPost%3A7437290170913222656,"esta bien que hablan de inseguridades, pero que pasa con la inseguridad de saber si la plataforma esta disponible cuando se requiere o de poder contar con el dinero cuando lo necesite y no cuando lo quiera disponer Bancolombia"
2026-02-13 12:45:49,https://www.linkedin.com/feed/update/urn%3Ali%3Aactivity%3A7427798475012096000,"yo"
2026-01-26 02:37:59,https://www.linkedin.com/feed/update/urn%3Ali%3Aactivity%3A7419289078770061313,#interested
2025-10-30 03:04:06,https://www.linkedin.com/feed/update/urn%3Ali%3Aactivity%3A7388974769720774656,"Soy Farid Maloof, QA Automation Engineer / Software Engineer con más de 10 años de experiencia en desarrollo backend, frontend y automatización de pruebas, soy de Bogotá, Colombia (abierto a remoto LATAM o global), cuento con experiencia en sectores como Fintech, software empresarial, y proyectos de alto rendimiento en entornos ágiles y busco seguir aportando en equipos donde la calidad, la innovación y la mejora continua sean parte del ADN.Gracias por abrir este espacio de apoyo"
2025-09-22 13:19:54,https://www.linkedin.com/feed/update/urn%3Ali%3Aactivity%3A7375801478118191104,Me interesa
2025-08-31 03:38:38,https://www.linkedin.com/feed/update/urn%3Ali%3Aactivity%3A7366256076347822080,.
2025-07-23 12:51:32,https://www.linkedin.com/feed/update/urn%3Ali%3Aactivity%3A7353445715219570689,"Qué gran oportunidad Miriam, me interesa"
2025-07-11 00:01:36,https://www.linkedin.com/feed/update/urn%3Ali%3Aactivity%3A7349145357575929857,Me interesa
2025-07-10 21:55:55,https://www.linkedin.com/feed/update/urn%3Ali%3Aactivity%3A7348442780064534529,"¡Felicidades, Steven! 🎉"
2025-07-09 15:58:49,https://www.linkedin.com/feed/update/urn%3Ali%3AugcPost%3A7348443504173281281,"¡Felicidades, Steven! 🎉"
2025-06-26 17:06:33,https://www.linkedin.com/feed/update/urn%3Ali%3Aactivity%3A7343791639154376704,"¡Felicidades, Diego! 🎉"
2025-06-22 16:37:30,https://www.linkedin.com/feed/update/urn%3Ali%3Aactivity%3A7342363430210748417,"¡Felicidades, Jose! 🎉 ahora si es el inicio de todo !!!"
2025-06-20 23:10:58,https://www.linkedin.com/feed/update/urn%3Ali%3Aactivity%3A7341464848276348928,"Gracias por compartir, Maria Esperanza"
2025-05-02 04:00:15,https://www.linkedin.com/feed/update/urn%3Ali%3Aactivity%3A7322689805039923201,Me interesa
2025-04-04 14:05:35,https://www.linkedin.com/feed/update/urn%3Ali%3Aactivity%3A7312904394541252608,"Hola, vi la posición y me interesa"
2025-02-24 19:24:30,https://www.linkedin.com/feed/update/urn%3Ali%3Aactivity%3A7297650511556620288,"Hi Elizabeth, I am interested"
2024-12-15 14:26:38,https://www.linkedin.com/feed/update/urn%3Ali%3Aactivity%3A7269365510985732097,"¡Felicidades, Keidy Andrea! 🎉"
2024-11-10 22:46:23,https://www.linkedin.com/feed/update/urn%3Ali%3Aactivity%3A7260986422378008576,"¡Felicidades, Edwin!"
2024-08-06 15:19:12,https://www.linkedin.com/feed/update/urn%3Ali%3AugcPost%3A7226607113177890816,"¡Felicidades, Alejandra!"
2024-08-05 19:44:04,https://www.linkedin.com/feed/update/urn%3Ali%3AugcPost%3A7226217033422548992,"¡Felicidades, Luis Felipe!"
2024-06-15 15:52:51,https://www.linkedin.com/feed/update/urn%3Ali%3AugcPost%3A7207534966136537088,"¡Felicidades, Ro"
2024-01-03 16:48:32,https://www.linkedin.com/feed/update/urn%3Ali%3AugcPost%3A7147939273210548224,"¡Felicidades, Diana Carolina!"
2022-07-29 14:04:58,https://www.linkedin.com/feed/update/urn%3Ali%3AugcPost%3A6957731916892536832,Osea que ya aprendiste ...
2022-05-31 14:14:28,https://www.linkedin.com/feed/update/urn%3Ali%3AugcPost%3A6937098025500565504,"Buenos días, desde Colombia"
2022-05-20 16:19:06,https://www.linkedin.com/feed/update/urn%3Ali%3AugcPost%3A6933173193411063808,hi from Colombia
2022-02-10 02:39:39,https://www.linkedin.com/feed/update/urn%3Ali%3Aactivity%3A6895216317926916096,Ya vas a decir que vos jejeje
2021-09-01 15:26:47,https://www.linkedin.com/feed/update/urn%3Ali%3AugcPost%3A6836737317458341889,"Es importante tener en cuenta que esos tipos de jefes logran que los subordinados reflejen la misma situación a sus clientes y finalmente eso termina afectando a los clientes quienes son los que permiten un correcto crecimiento de la compañía, ahora entiendo por qué nunca me solucionaron en la primer llamada y tocaba comunicarse diariamente..."
2021-04-24 12:54:54,https://www.linkedin.com/feed/update/urn%3Ali%3Aactivity%3A6789852935103901696,I'm interested
2021-04-06 21:37:08,https://www.linkedin.com/feed/update/urn%3Ali%3Aactivity%3A6780245741932740609,Ing. de Sistemas
2020-12-18 22:19:59,https://www.linkedin.com/feed/update/urn%3Ali%3Aactivity%3A6745173039555588102,"¡Felicidades, STHEPANIE!"
2020-12-06 16:16:28,https://www.linkedin.com/feed/update/urn%3Ali%3Aactivity%3A6739262861798891520,"¡Felicidades, Lina Marcela!"
2020-10-19 21:47:25,https://www.linkedin.com/feed/update/urn%3Ali%3Aactivity%3A6724072118046273536,"¡Felicidades, andres felipe!"
2020-09-24 17:26:02,https://www.linkedin.com/feed/update/urn%3Ali%3Aactivity%3A6714363282355957761,"¡Felicidades, Viviana!"
2020-06-03 12:28:29,https://www.linkedin.com/feed/update/urn%3Ali%3Aactivity%3A6673911533644369920,"¡Felicidades, Arnold Jeffry!"
2020-04-01 19:01:56,https://www.linkedin.com/feed/update/urn%3Ali%3Aactivity%3A6648345253709402112,"¡Felicidades, Andrey David!"
2020-04-01 18:41:58,https://www.linkedin.com/feed/update/urn%3Ali%3Aactivity%3A6651186226588119040,Y a como es ?
