Organization,Followed On
RemoDevs,Wed Aug 26 02:07:42 UTC 2026
Listos BPO,Tue Aug 25 18:12:13 UTC 2026
QA Jobs Watcher,Mon Aug 24 10:35:14 UTC 2026
Sngular,Sun Aug 23 02:05:01 UTC 2026
"Upgrade, Inc.",Wed Aug 19 13:34:43 UTC 2026
Interbank,Wed Aug 19 00:01:05 UTC 2026
Keerthana Rao,Tue Aug 18 11:00:15 UTC 2026
Robots & Pencils,Mon Aug 17 00:42:04 UTC 2026
Empleoon - Vacantes Remotas,Sun Aug 16 18:32:57 UTC 2026
Acumen Strategy,Sun Aug 16 17:42:19 UTC 2026
AOS,Sun Aug 16 17:38:30 UTC 2026
Nametag,Sat Aug 15 18:29:06 UTC 2026
PartnerOne,Tue Aug 11 01:57:37 UTC 2026
TurnKey Tech Staffing,Thu Aug 06 01:46:00 UTC 2026
MailAmericas,Thu Aug 06 01:44:51 UTC 2026
Avenue Code,Thu Aug 06 01:43:47 UTC 2026
Mrunal Kulathe,Mon Aug 03 12:23:45 UTC 2026
Harini Krishnan,Mon Aug 03 12:02:21 UTC 2026
Ayesha Khan,Mon Aug 03 10:31:16 UTC 2026
Franklin Fitch,Sun Aug 02 19:05:29 UTC 2026
Ranger Technical Resources,Thu Jul 30 00:46:11 UTC 2026
GUT,Sat Jul 25 21:26:55 UTC 2026
Yochana,Wed Jul 22 22:03:47 UTC 2026
Mercato,Wed Jul 22 19:36:09 UTC 2026
Tecnología y Personas,Wed Jul 22 12:15:29 UTC 2026
Randstad Digital España,Wed Jul 22 03:43:04 UTC 2026
Powerexplosive Institute,Sat Jul 18 01:20:28 UTC 2026
Zaelab,Sat Jul 18 01:19:57 UTC 2026
Emerald Resource Group,Fri Jul 17 21:04:38 UTC 2026
Latino Legends,Fri Jul 17 02:08:56 UTC 2026
iQor,Wed Jul 15 18:10:58 UTC 2026
SoFi Tech Solutions,Wed Jul 15 12:44:43 UTC 2026
Axpe Consulting,Tue Jul 14 15:44:57 UTC 2026
PrimeIT España,Tue Jul 14 15:44:15 UTC 2026
IT Search,Tue Jul 14 15:43:18 UTC 2026
keapps,Tue Jul 14 15:43:01 UTC 2026
SOTEC CONSULTING,Tue Jul 14 15:41:30 UTC 2026
Ytech,Tue Jul 14 15:39:04 UTC 2026
act digital EMEA - Alter Solutions,Tue Jul 14 14:44:55 UTC 2026
Profile Software Services,Tue Jul 14 14:44:14 UTC 2026
Quanata,Thu Jul 02 21:17:19 UTC 2026
SportsDataIO,Thu Jul 02 21:16:01 UTC 2026
Beacon Hill,Thu Jul 02 21:15:18 UTC 2026
Seneca Resources,Thu Jul 02 21:14:07 UTC 2026
Aegistech,Thu Jul 02 21:13:51 UTC 2026
Tailored Management,Sun Jun 28 04:26:59 UTC 2026
"TherapyNotes, LLC",Thu Jun 25 22:47:12 UTC 2026
Morgan McKinley,Thu Jun 25 22:31:03 UTC 2026
Conviso Inc.,Thu Jun 25 22:21:16 UTC 2026
Publicis Global Delivery (PGD),Wed Jun 24 15:18:29 UTC 2026
Softgic,Wed May 27 22:16:03 UTC 2026
Willow Processing,Tue May 26 19:39:00 UTC 2026
Mindlance,Tue May 26 13:50:10 UTC 2026
Grupo DEACERO,Fri May 22 18:09:23 UTC 2026
Eyr Holistic,Thu May 21 13:24:14 UTC 2026
Trilliant,Wed May 20 18:17:05 UTC 2026
Coforge,Wed May 20 17:58:10 UTC 2026
EDZ Systems,Tue May 19 17:32:55 UTC 2026
IOON,Tue May 19 17:08:12 UTC 2026
Inceed,Tue May 19 16:50:59 UTC 2026
Papigen,Tue May 19 16:50:19 UTC 2026
Virtual Latinos,Fri May 15 20:54:46 UTC 2026
Remote Talent LATAM,Fri May 15 20:54:41 UTC 2026
Raydar,Wed May 06 19:37:37 UTC 2026
GFT Technologies LATAM,Wed Apr 29 13:19:03 UTC 2026
Lilo,Sun Apr 26 01:46:03 UTC 2026
Jalasoft,Sat Apr 25 15:43:49 UTC 2026
Gennius XYZ,Thu Apr 16 14:58:01 UTC 2026
GraceMark Solutions,Sun Apr 05 00:08:15 UTC 2026
Prime Team Partners,Sat Apr 04 17:56:25 UTC 2026
"Patches, a puzzle by LinkedIn",Wed Mar 18 13:51:50 UTC 2026
Caseware,Mon Mar 16 15:27:01 UTC 2026
Metova,Mon Mar 16 15:26:28 UTC 2026
Blossom,Thu Mar 12 04:00:46 UTC 2026
ABATECH,Wed Mar 11 22:53:02 UTC 2026
Velozient,Wed Mar 11 22:52:17 UTC 2026
REX Cyber Security,Thu Mar 12 13:48:45 UTC 2026
Sharetru,Fri Feb 27 19:02:49 UTC 2026
Nuaav,Fri Feb 27 13:56:02 UTC 2026
Cortex,Thu Feb 26 16:55:59 UTC 2026
Foodsmart,Thu Feb 26 16:55:28 UTC 2026
Concentrix,Wed Feb 25 22:40:28 UTC 2026
Audit WorkVB España - AwVB,Wed Feb 11 16:53:55 UTC 2026
Wurzel Recruitment USA,Wed Feb 11 16:53:53 UTC 2026
Wurzel International Relocation,Wed Feb 11 16:53:51 UTC 2026
PTESA Profesionales en Transacciones Electrónicas,Fri Feb 06 18:09:13 UTC 2026
Kake,Fri Feb 06 18:08:30 UTC 2026