HashTag,CreatedTime,LastModifiedTime,State
taxes,2017-05-21 15:53:53,2017-05-21 15:53:53,Follow
accountingandaccountants,2017-05-21 15:53:53,2017-05-21 15:53:53,Follow
finances,2017-05-21 15:53:53,2017-05-21 15:53:53,Follow
humanresources,2017-05-19 22:17:01,2017-05-19 22:17:01,Follow
management,2017-05-19 22:17:01,2017-05-19 22:17:01,Follow
softwaredesign,2017-05-19 22:16:59,2017-05-19 22:16:59,Follow
agilesoftwaredevelopment,2017-05-19 22:16:59,2017-05-19 22:16:59,Follow
programming,2017-05-19 22:16:59,2017-05-19 22:16:59,Follow
softwareengineering,2017-05-19 22:16:59,2017-05-19 22:16:59,Follow
innovation,2017-05-19 22:16:54,2017-05-19 22:16:54,Follow
creativity,2017-05-19 22:16:54,2017-05-19 22:16:54,Follow
future,2017-05-19 22:16:54,2017-05-19 22:16:54,Follow
