Action,Date,Ad Title/Id,Page/App
Impression,2026/03/01,1125998464,msn.com
Impression,2026/03/01,1146708924,msn.com
Impression,2026/03/01,572898176,msn.com
Impression,2026/03/02,1028577136,msn.com
Impression,2026/03/02,1138426754,msn.com
Impression,2026/03/02,623452514,msn.com
Impression,2026/03/02,623470724,msn.com
Impression,2026/03/03,1128181924,msn.com
Impression,2026/03/03,1137981224,msn.com
Impression,2026/03/03,1139481184,msn.com
Impression,2026/03/03,1146708924,msn.com
Impression,2026/03/03,623470734,msn.com
Impression,2026/03/04,1146708924,msn.com
Impression,2026/03/05,1138426754,msn.com
Impression,2026/03/05,1146708924,msn.com
Impression,2026/03/05,572898176,msn.com
Impression,2026/03/05,838175656,msn.com
Impression,2026/03/06,1138081364,msn.com
Impression,2026/03/06,1139281134,msn.com
Impression,2026/03/13,1370691546,Truecaller: Spam Call Blocker
Impression,2026/03/16,1232002684,Truecaller: Spam Call Blocker
Impression,2026/03/16,1370740436,Truecaller: Spam Call Blocker
Impression,2026/03/17,1230914464,Truecaller: Spam Call Blocker
Impression,2026/03/17,1231705824,Truecaller: Spam Call Blocker
Impression,2026/03/18,1232380784,Truecaller: Spam Call Blocker
Impression,2026/03/23,1195128733,Truecaller: Spam Call Blocker
Impression,2026/03/23,1196399813,Truecaller: Spam Call Blocker
Impression,2026/03/25,1193042243,Truecaller: Spam Call Blocker
Impression,2026/03/25,1371681596,Truecaller: Spam Call Blocker
Impression,2026/03/26,1230914464,Truecaller: Spam Call Blocker
Impression,2026/03/28,1231705824,Truecaller: Spam Call Blocker
Impression,2026/03/31,1132190324,Truecaller: Spam Call Blocker
Impression,2026/04/04,996982326,Truecaller: Spam Call Blocker
Impression,2026/04/05,996982326,Truecaller: Spam Call Blocker
Impression,2026/04/07,1150698434,Truecaller: Spam Call Blocker
Impression,2026/04/07,1238781934,Truecaller: Spam Call Blocker
Impression,2026/04/07,1362303176,Truecaller: Spam Call Blocker
Impression,2026/04/11,1238781934,Truecaller: Spam Call Blocker
Impression,2026/04/13,1371681586,Truecaller: Spam Call Blocker
Impression,2026/04/14,1245437184,Truecaller: Spam Call Blocker
Impression,2026/04/15,1132403774,Truecaller: Spam Call Blocker
Impression,2026/04/15,1145313694,Truecaller: Spam Call Blocker
Impression,2026/04/15,1145607454,Truecaller: Spam Call Blocker
Impression,2026/04/15,1150011254,Truecaller: Spam Call Blocker
Impression,2026/04/15,1240687494,Truecaller: Spam Call Blocker
Impression,2026/04/15,1244323564,Truecaller: Spam Call Blocker
Impression,2026/04/15,1367929046,Truecaller: Spam Call Blocker
Impression,2026/04/16,1145313694,Truecaller: Spam Call Blocker
Impression,2026/04/16,1145607454,Truecaller: Spam Call Blocker
Impression,2026/04/16,1345249236,Truecaller: Spam Call Blocker
Impression,2026/04/17,1245402994,Truecaller: Spam Call Blocker
Impression,2026/04/18,996982326,Truecaller: Spam Call Blocker
Impression,2026/04/19,1246902444,Mail Yahoo
Impression,2026/04/21,1390357856,Truecaller: Spam Call Blocker
Impression,2026/04/21,1392818326,Truecaller: Spam Call Blocker
Impression,2026/04/22,1367929046,Truecaller: Spam Call Blocker
Impression,2026/04/24,585601524,Truecaller: Spam Call Blocker
Impression,2026/04/27,1280097114,Truecaller: Spam Call Blocker
Impression,2026/04/30,1225982483,Truecaller: Spam Call Blocker
Impression,2026/04/30,1280097114,Truecaller: Spam Call Blocker
Impression,2026/04/30,996982326,Truecaller: Spam Call Blocker
Impression,2026/05/01,1286114064,Truecaller: Spam Call Blocker
Impression,2026/05/02,1225982483,Truecaller: Spam Call Blocker
Impression,2026/05/04,1282290344,Truecaller: Spam Call Blocker
Impression,2026/05/04,1283090354,Truecaller: Spam Call Blocker
Impression,2026/05/07,996982326,Truecaller: Spam Call Blocker
Impression,2026/05/12,1225682713,Truecaller: Spam Call Blocker
Impression,2026/05/14,1399302886,Truecaller: Spam Call Blocker
Impression,2026/05/15,1284713084,Truecaller: Spam Call Blocker
Impression,2026/05/19,1225982483,Truecaller: Spam Call Blocker
Impression,2026/05/21,1399354986,Truecaller: Spam Call Blocker
Impression,2026/05/22,1225682713,Truecaller: Spam Call Blocker
Impression,2026/05/22,1412333616,Truecaller: Spam Call Blocker
Impression,2026/05/27,1225982483,Truecaller: Spam Call Blocker
Impression,2026/05/27,1298887624,Truecaller: Spam Call Blocker
Impression,2026/05/28,1235421224,Truecaller: Spam Call Blocker
Impression,2026/05/29,1144918254,Truecaller: Spam Call Blocker
Impression,2026/05/29,1145215364,Truecaller: Spam Call Blocker
Impression,2026/05/29,1145607454,Truecaller: Spam Call Blocker
Impression,2026/05/29,1399354986,Truecaller: Spam Call Blocker
Impression,2026/05/31,1133704924,Truecaller: Spam Call Blocker
Impression,2026/06/01,1133704924,Art Puzzle - Puzzle Games
Impression,2026/06/01,1145313694,Truecaller: Spam Call Blocker
Impression,2026/06/01,1145607454,Truecaller: Spam Call Blocker
Impression,2026/06/01,1233485694,Dominoes - Apps on Google Play
