Date,Type,Link
2026-08-26 02:08:34,LIKE,https://www.linkedin.com/feed/update/urn%3Ali%3AugcPost%3A7498073890179416065
2026-08-25 16:32:37,LIKE,https://www.linkedin.com/feed/update/urn%3Ali%3Aactivity%3A7496581932357488640
2026-08-24 10:43:28,PRAISE,https://www.linkedin.com/feed/update/urn%3Ali%3AugcPost%3A7495527839245676544
2026-07-30 16:30:45,LIKE,https://www.linkedin.com/feed/update/urn%3Ali%3Aactivity%3A7488061500260167680
2026-07-30 13:30:48,LIKE,https://www.linkedin.com/feed/update/urn%3Ali%3Aactivity%3A7488224319773433857
2026-07-29 17:12:39,LIKE,https://www.linkedin.com/feed/update/urn%3Ali%3Aactivity%3A7487700186933428225
2026-07-25 03:00:02,LIKE,https://www.linkedin.com/feed/update/urn%3Ali%3Aactivity%3A7486460782520512512
2026-07-23 13:24:50,LIKE,https://www.linkedin.com/feed/update/urn%3Ali%3AugcPost%3A7485406588422250496
2026-07-22 22:09:33,LIKE,https://www.linkedin.com/feed/update/urn%3Ali%3Aactivity%3A7485695197062860800
2026-07-22 03:39:56,LIKE,https://www.linkedin.com/feed/update/urn%3Ali%3Aactivity%3A7485478245132398592
2026-07-15 19:45:41,LIKE,https://www.linkedin.com/feed/update/urn%3Ali%3Aactivity%3A7482890113568473088
2026-07-01 15:04:11,LIKE,https://www.linkedin.com/feed/update/urn%3Ali%3Aactivity%3A7476335427545812992
2026-06-23 23:01:22,LIKE,https://www.linkedin.com/feed/update/urn%3Ali%3Aactivity%3A7473144980614676480
2026-06-23 23:00:00,LIKE,https://www.linkedin.com/feed/update/urn%3Ali%3Aactivity%3A7472348062720516096
2026-06-17 20:30:17,PRAISE,https://www.linkedin.com/feed/update/urn%3Ali%3Aactivity%3A7473072292022063104
2026-05-29 14:03:52,LIKE,https://www.linkedin.com/feed/update/urn%3Ali%3Aactivity%3A7465589989951565824
2026-05-28 15:35:50,LIKE,https://www.linkedin.com/feed/update/urn%3Ali%3AugcPost%3A7464851039318409216
2026-05-28 13:38:09,LIKE,https://www.linkedin.com/feed/update/urn%3Ali%3Aactivity%3A7465718983590342656
2026-05-28 13:37:34,LIKE,https://www.linkedin.com/feed/update/urn%3Ali%3AugcPost%3A7460729155379335169
2026-05-20 16:03:03,ENTERTAINMENT,https://www.linkedin.com/feed/update/urn%3Ali%3Aactivity%3A7460669877377413122
2026-05-15 20:13:27,LIKE,https://www.linkedin.com/feed/update/urn%3Ali%3AugcPost%3A7460507763337756672
2026-05-12 01:54:54,LIKE,https://www.linkedin.com/feed/update/urn%3Ali%3Aactivity%3A7459490620693192704
2026-05-05 00:42:48,LIKE,https://www.linkedin.com/feed/update/urn%3Ali%3Aactivity%3A7457026004033650688
2026-05-04 15:48:35,LIKE,https://www.linkedin.com/feed/update/urn%3Ali%3AugcPost%3A7454678927282761729
2026-05-03 13:34:42,LIKE,https://www.linkedin.com/feed/update/urn%3Ali%3Aactivity%3A7454770909250449408
2026-04-29 10:49:59,LIKE,https://www.linkedin.com/feed/update/urn%3Ali%3AugcPost%3A7454992934057336832
2026-04-25 16:27:13,LIKE,https://www.linkedin.com/feed/update/urn%3Ali%3Aactivity%3A7453692112656666624
2026-04-25 16:26:52,LIKE,https://www.linkedin.com/feed/update/urn%3Ali%3Aactivity%3A7451328700010213376
2026-04-25 16:26:08,LIKE,https://www.linkedin.com/feed/update/urn%3Ali%3Aactivity%3A7453448268392546304
2026-04-25 16:26:00,LIKE,https://www.linkedin.com/feed/update/urn%3Ali%3Aactivity%3A7451880173639036928
2026-04-25 16:25:54,LIKE,https://www.linkedin.com/feed/update/urn%3Ali%3AugcPost%3A7451805660620623872
2026-04-25 16:24:34,LIKE,https://www.linkedin.com/feed/update/urn%3Ali%3Aactivity%3A7452563156540952576
2026-04-25 16:09:02,LIKE,https://www.linkedin.com/feed/update/urn%3Ali%3Aactivity%3A7452969384760889344
2026-04-25 15:49:13,LIKE,https://www.linkedin.com/feed/update/urn%3Ali%3Aactivity%3A7452993312099287040
2026-04-25 15:48:16,LIKE,https://www.linkedin.com/feed/update/urn%3Ali%3Aactivity%3A7452707367374405632
2026-04-25 15:48:13,LIKE,https://www.linkedin.com/feed/update/urn%3Ali%3Aactivity%3A7452988165289631745
2026-04-25 15:48:10,LIKE,https://www.linkedin.com/feed/update/urn%3Ali%3Aactivity%3A7453325623185436672
2026-04-25 15:47:55,LIKE,https://www.linkedin.com/feed/update/urn%3Ali%3Aactivity%3A7449705847796125696
2026-04-25 15:47:40,LIKE,https://www.linkedin.com/feed/update/urn%3Ali%3Aactivity%3A7453654027281666048
2026-04-25 15:46:41,LIKE,https://www.linkedin.com/feed/update/urn%3Ali%3Aactivity%3A7453083957480366080
2026-04-25 15:43:55,LIKE,https://www.linkedin.com/feed/update/urn%3Ali%3Aactivity%3A7453651531947642881
2026-04-25 02:24:45,LIKE,https://www.linkedin.com/feed/update/urn%3Ali%3AugcPost%3A7453610366741331968
2026-04-23 13:38:01,LIKE,https://www.linkedin.com/feed/update/urn%3Ali%3Aactivity%3A7452717506542243840
2026-04-23 13:37:51,LIKE,https://www.linkedin.com/feed/update/urn%3Ali%3Aactivity%3A7452676450778013696
2026-04-23 13:37:47,LIKE,https://www.linkedin.com/feed/update/urn%3Ali%3Aactivity%3A7452764750402338816
2026-04-23 13:37:36,LIKE,https://www.linkedin.com/feed/update/urn%3Ali%3Aactivity%3A7449708600224194560
2026-04-08 16:04:54,LIKE,https://www.linkedin.com/feed/update/urn%3Ali%3AugcPost%3A7440162492682559489
2026-04-02 04:20:19,LIKE,https://www.linkedin.com/feed/update/urn%3Ali%3Aactivity%3A7445125771519594496
2026-04-02 04:19:01,LIKE,https://www.linkedin.com/feed/update/urn%3Ali%3Aactivity%3A7444775504466915329
2026-03-29 15:00:27,LIKE,https://www.linkedin.com/feed/update/urn%3Ali%3Aactivity%3A7443937604212822017
2026-03-29 15:00:21,LIKE,https://www.linkedin.com/feed/update/urn%3Ali%3AugcPost%3A7443656548284813312
2026-03-26 23:32:25,LIKE,https://www.linkedin.com/feed/update/urn%3Ali%3Aactivity%3A7441751857896656896
2026-03-26 23:32:18,LIKE,https://www.linkedin.com/feed/update/urn%3Ali%3Aactivity%3A7442520222223347712
2026-03-26 23:32:12,LIKE,https://www.linkedin.com/feed/update/urn%3Ali%3AugcPost%3A7440856002851221504
2026-03-26 19:23:23,LIKE,https://www.linkedin.com/feed/update/urn%3Ali%3Aactivity%3A7442636958075441152
2026-03-24 20:35:06,LIKE,https://www.linkedin.com/feed/update/urn%3Ali%3AugcPost%3A7442304704421707776
2026-03-23 06:17:55,LIKE,https://www.linkedin.com/feed/update/urn%3Ali%3Aactivity%3A7441516293880451072
2026-03-21 02:49:47,LIKE,https://www.linkedin.com/feed/update/urn%3Ali%3Aactivity%3A7440588847282905088
2026-03-21 02:49:40,LIKE,https://www.linkedin.com/feed/update/urn%3Ali%3Aactivity%3A7440747853511053312
2026-03-20 13:31:51,LIKE,https://www.linkedin.com/feed/update/urn%3Ali%3Aactivity%3A7440745301092691968
2026-03-19 21:31:59,LIKE,https://www.linkedin.com/feed/update/urn%3Ali%3Aactivity%3A7440412583121162241
2026-03-19 20:41:54,LIKE,https://www.linkedin.com/feed/update/urn%3Ali%3Aactivity%3A7440497336289538048
2026-03-19 18:23:30,LIKE,https://www.linkedin.com/feed/update/urn%3Ali%3AugcPost%3A7437477745716133888
2026-03-19 11:45:37,LIKE,https://www.linkedin.com/feed/update/urn%3Ali%3Aactivity%3A7439936847721492480
2026-03-18 14:46:13,LIKE,https://www.linkedin.com/feed/update/urn%3Ali%3Aactivity%3A7439858811865088002
2026-03-18 14:12:50,LIKE,https://www.linkedin.com/feed/update/urn%3Ali%3Aactivity%3A7439280064501985280
2026-03-16 15:06:29,LIKE,https://www.linkedin.com/feed/update/urn%3Ali%3Aactivity%3A7439290679383502848
2026-03-11 14:53:47,LIKE,https://www.linkedin.com/feed/update/urn%3Ali%3AugcPost%3A7437290170913222656?commentUrn=urn%3Ali%3Acomment%3A%28ugcPost%3A7437290170913222656%2C7437510732331732992%29
2026-03-10 15:17:38,LIKE,https://www.linkedin.com/feed/update/urn%3Ali%3Aactivity%3A7437058383909707777
2026-02-26 11:33:53,LIKE,https://www.linkedin.com/feed/update/urn%3Ali%3Aactivity%3A7430745734280507392
2026-02-26 11:31:03,LIKE,https://www.linkedin.com/feed/update/urn%3Ali%3Aactivity%3A7432061929436917760
2026-02-25 12:42:09,LIKE,https://www.linkedin.com/feed/update/urn%3Ali%3Aactivity%3A7432312070072590336
2026-02-25 12:42:04,LIKE,https://www.linkedin.com/feed/update/urn%3Ali%3Aactivity%3A7431522018656817152
2026-02-19 14:30:47,LIKE,https://www.linkedin.com/feed/update/urn%3Ali%3Aactivity%3A7429214802247507968
2026-02-11 02:56:59,LIKE,https://www.linkedin.com/feed/update/urn%3Ali%3Aactivity%3A7426988322121613312
2026-02-03 16:50:51,LIKE,https://www.linkedin.com/feed/update/urn%3Ali%3AugcPost%3A7424486214931763200
2026-02-02 13:43:03,LIKE,https://www.linkedin.com/feed/update/urn%3Ali%3Aactivity%3A7423868275740028928
2026-01-28 02:08:20,LIKE,https://www.linkedin.com/feed/update/urn%3Ali%3AugcPost%3A7421891871167205377
2026-01-26 02:37:32,LIKE,https://www.linkedin.com/feed/update/urn%3Ali%3Aactivity%3A7419289078770061313?commentUrn=urn%3Ali%3Acomment%3A%28activity%3A7419289078770061313%2C7419372972446126082%29
2026-01-23 15:22:23,LIKE,https://www.linkedin.com/feed/update/urn%3Ali%3Aactivity%3A7418917792491601920
2026-01-23 15:22:19,LIKE,https://www.linkedin.com/feed/update/urn%3Ali%3Aactivity%3A7420439619306934272
2026-01-05 19:01:44,LIKE,https://www.linkedin.com/feed/update/urn%3Ali%3AugcPost%3A7413021641707999232
2026-01-01 05:49:39,LIKE,https://www.linkedin.com/feed/update/urn%3Ali%3Aactivity%3A7411836164233469952
2026-01-01 05:48:25,LIKE,https://www.linkedin.com/feed/update/urn%3Ali%3Aactivity%3A7410307412890423296?commentUrn=urn%3Ali%3Acomment%3A%28activity%3A7410307412890423296%2C7410323418128072705%29
2026-01-01 05:48:22,LIKE,https://www.linkedin.com/feed/update/urn%3Ali%3Aactivity%3A7410307412890423296
2025-12-24 17:22:10,LIKE,https://www.linkedin.com/feed/update/urn%3Ali%3Aactivity%3A7409090277279309824
2025-12-22 00:49:50,LIKE,https://www.linkedin.com/feed/update/urn%3Ali%3Aactivity%3A7407041999666565120
2025-12-10 12:53:59,LIKE,https://www.linkedin.com/feed/update/urn%3Ali%3Aactivity%3A7404343703001001984
2025-11-29 01:23:58,LIKE,https://www.linkedin.com/feed/update/urn%3Ali%3AugcPost%3A7399939625466699776
2025-11-24 03:18:33,LIKE,https://www.linkedin.com/feed/update/urn%3Ali%3Aactivity%3A7397723984416628736
2025-11-14 16:52:40,LIKE,https://www.linkedin.com/feed/update/urn%3Ali%3Aactivity%3A7395131985511436288
2025-11-07 19:45:49,LIKE,https://www.linkedin.com/feed/update/urn%3Ali%3Aactivity%3A7392245758206570496
2025-11-07 18:17:29,LIKE,https://www.linkedin.com/feed/update/urn%3Ali%3AugcPost%3A7391037351403368448
2025-11-01 14:45:06,LIKE,https://www.linkedin.com/feed/update/urn%3Ali%3Aactivity%3A7389334221502361600
2025-11-01 14:42:17,LIKE,https://www.linkedin.com/feed/update/urn%3Ali%3Aactivity%3A7390372125729251328
2025-11-01 14:40:39,LIKE,https://www.linkedin.com/feed/update/urn%3Ali%3Aactivity%3A7385887525984260097
2025-10-31 20:37:25,ENTERTAINMENT,https://www.linkedin.com/feed/update/urn%3Ali%3AugcPost%3A7390088754432073728
2025-10-31 20:37:10,LIKE,https://www.linkedin.com/feed/update/urn%3Ali%3Aactivity%3A7387119008845651968
2025-10-20 16:51:56,LIKE,https://www.linkedin.com/feed/update/urn%3Ali%3AugcPost%3A7385447610821578752
2025-10-19 13:03:24,LIKE,https://www.linkedin.com/feed/update/urn%3Ali%3Aactivity%3A7377333783521533952?commentUrn=urn%3Ali%3Acomment%3A%28activity%3A7377333783521533952%2C7377416805646020608%29
2025-10-19 13:03:14,LIKE,https://www.linkedin.com/feed/update/urn%3Ali%3Aactivity%3A7377333783521533952
2025-10-17 11:39:51,LIKE,https://www.linkedin.com/feed/update/urn%3Ali%3Aactivity%3A7384605427025588224
2025-10-15 12:45:30,LIKE,https://www.linkedin.com/feed/update/urn%3Ali%3Aactivity%3A7383444202929438721
2025-10-14 13:01:11,LIKE,https://www.linkedin.com/feed/update/urn%3Ali%3AugcPost%3A7267588854499471361
2025-10-14 02:13:04,LIKE,https://www.linkedin.com/feed/update/urn%3Ali%3AugcPost%3A7379318395478896640
2025-10-13 21:14:17,LIKE,https://www.linkedin.com/feed/update/urn%3Ali%3AugcPost%3A7383451217512976385
2025-10-11 05:51:07,LIKE,https://www.linkedin.com/feed/update/urn%3Ali%3AugcPost%3A7380762096805933056
2025-10-10 16:38:03,LIKE,https://www.linkedin.com/feed/update/urn%3Ali%3AugcPost%3A7382066416663035904
2025-10-10 16:37:29,LIKE,https://www.linkedin.com/feed/update/urn%3Ali%3Aactivity%3A7382395748723888128
2025-10-10 16:36:21,LIKE,https://www.linkedin.com/feed/update/urn%3Ali%3AugcPost%3A7381998112573231106
2025-10-09 23:47:08,LIKE,https://www.linkedin.com/feed/update/urn%3Ali%3Aactivity%3A7382062602346057728
2025-10-08 01:49:28,LIKE,https://www.linkedin.com/feed/update/urn%3Ali%3Aactivity%3A7381389356025946113
2025-10-08 01:49:16,LIKE,https://www.linkedin.com/feed/update/urn%3Ali%3Aactivity%3A7380944290685919233
2025-10-03 00:11:15,LIKE,https://www.linkedin.com/feed/update/urn%3Ali%3Aactivity%3A7379500490918612992
2025-09-27 10:23:03,LIKE,https://www.linkedin.com/feed/update/urn%3Ali%3Aactivity%3A7376956258060349440
2025-09-27 10:22:02,LIKE,https://www.linkedin.com/feed/update/urn%3Ali%3Aactivity%3A7376318090365779968
2025-09-25 20:14:37,LIKE,https://www.linkedin.com/feed/update/urn%3Ali%3AugcPost%3A7377030442077540353
2025-09-25 15:55:37,LIKE,https://www.linkedin.com/feed/update/urn%3Ali%3Aactivity%3A7375678855296069632
2025-09-22 13:19:47,LIKE,https://www.linkedin.com/feed/update/urn%3Ali%3Aactivity%3A7375801478118191104
2025-09-21 03:38:11,LIKE,https://www.linkedin.com/feed/update/urn%3Ali%3Aactivity%3A7372358353647419392
2025-09-19 14:09:16,LIKE,https://www.linkedin.com/feed/update/urn%3Ali%3Aactivity%3A7374788718836064256
2025-09-18 16:33:38,LIKE,https://www.linkedin.com/feed/update/urn%3Ali%3Aactivity%3A7373384965129916416?commentUrn=urn%3Ali%3Acomment%3A%28activity%3A7373384965129916416%2C7373970718058758144%29
2025-09-18 16:33:18,LIKE,https://www.linkedin.com/feed/update/urn%3Ali%3Aactivity%3A7373384965129916416
2025-09-17 12:07:35,LIKE,https://www.linkedin.com/feed/update/urn%3Ali%3AugcPost%3A7373468934529818625
2025-09-12 20:58:33,LIKE,https://www.linkedin.com/feed/update/urn%3Ali%3AugcPost%3A7363333870244540416
2025-09-11 17:44:43,LIKE,https://www.linkedin.com/feed/update/urn%3Ali%3Aactivity%3A7371579634091589632
2025-09-11 13:03:18,LIKE,https://www.linkedin.com/feed/update/urn%3Ali%3Aactivity%3A7371586432932397056
2025-09-08 11:12:31,LIKE,https://www.linkedin.com/feed/update/urn%3Ali%3Aactivity%3A7369762618170982400
2025-09-03 14:30:40,LIKE,https://www.linkedin.com/feed/update/urn%3Ali%3Aactivity%3A7368407692257808384
2025-08-29 06:42:34,EMPATHY,https://www.linkedin.com/feed/update/urn%3Ali%3Aactivity%3A7357128988059705345
2025-08-28 21:04:42,LIKE,https://www.linkedin.com/feed/update/urn%3Ali%3AugcPost%3A7366917024784068608
2025-08-27 03:03:25,LIKE,https://www.linkedin.com/feed/update/urn%3Ali%3Aactivity%3A7366214013828984832?commentUrn=urn%3Ali%3Acomment%3A%28activity%3A7366214013828984832%2C7366240957089972224%29
2025-08-26 20:57:01,LIKE,https://www.linkedin.com/feed/update/urn%3Ali%3Aactivity%3A7364686717523480577?commentUrn=urn%3Ali%3Acomment%3A%28activity%3A7364686717523480577%2C7366114594718687233%29
2025-08-20 19:10:22,LIKE,https://www.linkedin.com/feed/update/urn%3Ali%3Aactivity%3A7363619058975477760
2025-08-17 17:44:47,EMPATHY,https://www.linkedin.com/feed/update/urn%3Ali%3Aactivity%3A7184234798721179648
2025-08-17 17:44:35,EMPATHY,https://www.linkedin.com/feed/update/urn%3Ali%3Aactivity%3A7244818023725830144
2025-08-17 17:44:32,EMPATHY,https://www.linkedin.com/feed/update/urn%3Ali%3AugcPost%3A7244818339485691908
2025-08-17 17:44:13,EMPATHY,https://www.linkedin.com/feed/update/urn%3Ali%3Aactivity%3A7359748800954920960
2025-08-17 17:44:12,EMPATHY,https://www.linkedin.com/feed/update/urn%3Ali%3AugcPost%3A7359749186428305408
2025-08-03 12:59:55,LIKE,https://www.linkedin.com/feed/update/urn%3Ali%3Aactivity%3A7356482178605568003
2025-08-03 12:59:37,LIKE,https://www.linkedin.com/feed/update/urn%3Ali%3Aactivity%3A7356235358394556417
2025-07-29 11:13:27,LIKE,https://www.linkedin.com/feed/update/urn%3Ali%3AugcPost%3A7355637780460285953
2025-07-25 16:57:27,LIKE,https://www.linkedin.com/feed/update/urn%3Ali%3Aactivity%3A7354436358884515842
2025-07-23 14:19:54,LIKE,https://www.linkedin.com/feed/update/urn%3Ali%3Aactivity%3A7353133353954430976
2025-07-21 15:05:41,LIKE,https://www.linkedin.com/feed/update/urn%3Ali%3Aactivity%3A7352935230665539584
2025-07-17 22:00:08,LIKE,https://www.linkedin.com/feed/update/urn%3Ali%3Aactivity%3A7351642760296235011
2025-07-17 13:15:27,LIKE,https://www.linkedin.com/feed/update/urn%3Ali%3AugcPost%3A7351448087648763904
2025-07-15 20:51:35,LIKE,https://www.linkedin.com/feed/update/urn%3Ali%3Aactivity%3A7350885306109181953
2025-07-14 00:43:58,LIKE,https://www.linkedin.com/feed/update/urn%3Ali%3Aactivity%3A7349505462192480258
2025-07-10 21:55:50,LIKE,https://www.linkedin.com/feed/update/urn%3Ali%3Aactivity%3A7348442780064534529
2025-07-05 02:27:15,LIKE,https://www.linkedin.com/feed/update/urn%3Ali%3AugcPost%3A7341295138998009857
2025-07-05 02:25:09,LIKE,https://www.linkedin.com/feed/update/urn%3Ali%3Aactivity%3A7345435958533660672
2025-07-05 02:22:50,LIKE,https://www.linkedin.com/feed/update/urn%3Ali%3Aactivity%3A7346731081427021824
2025-07-05 02:22:04,LIKE,https://www.linkedin.com/feed/update/urn%3Ali%3AugcPost%3A7346630645147721729
2025-07-01 16:59:29,LIKE,https://www.linkedin.com/feed/update/urn%3Ali%3AugcPost%3A7345512043614990336
2025-06-22 16:39:49,LIKE,https://www.linkedin.com/feed/update/urn%3Ali%3AugcPost%3A7339974131423023106
2025-06-22 16:36:48,LIKE,https://www.linkedin.com/feed/update/urn%3Ali%3Aactivity%3A7342363430210748417
2025-06-21 14:41:55,LIKE,https://www.linkedin.com/feed/update/urn%3Ali%3AgroupPost%3A13991789-7332116897762582528
2025-06-21 14:39:41,LIKE,https://www.linkedin.com/feed/update/urn%3Ali%3Aactivity%3A7340604139174809601
2025-06-20 23:10:55,LIKE,https://www.linkedin.com/feed/update/urn%3Ali%3Aactivity%3A7341464848276348928
2025-06-20 10:17:24,LIKE,https://www.linkedin.com/feed/update/urn%3Ali%3Aactivity%3A7338792815407063040
2025-06-20 03:59:41,LIKE,https://www.linkedin.com/feed/update/urn%3Ali%3Aactivity%3A7341007015487377410
2025-06-10 19:31:46,LIKE,https://www.linkedin.com/feed/update/urn%3Ali%3Aactivity%3A7338030349811130368
2025-06-09 11:33:58,LIKE,https://www.linkedin.com/feed/update/urn%3Ali%3AugcPost%3A7337563678382186496
2025-06-09 00:06:58,LIKE,https://www.linkedin.com/feed/update/urn%3Ali%3AugcPost%3A7337214880879419393
2025-05-29 21:05:42,LIKE,https://www.linkedin.com/feed/update/urn%3Ali%3Aactivity%3A7330959689595158528
2025-05-24 15:18:47,LIKE,https://www.linkedin.com/feed/update/urn%3Ali%3Aactivity%3A7331690378091302913
2025-05-02 04:03:22,LIKE,https://www.linkedin.com/feed/update/urn%3Ali%3Aactivity%3A7318367490915389440
2025-04-23 14:48:09,LIKE,https://www.linkedin.com/feed/update/urn%3Ali%3Aactivity%3A7320703022383165443
2025-04-23 02:36:51,LIKE,https://www.linkedin.com/feed/update/urn%3Ali%3Aactivity%3A7318620245630291969
2025-04-23 02:35:55,LIKE,https://www.linkedin.com/feed/update/urn%3Ali%3Aactivity%3A7316354349285236736
2025-04-23 02:17:13,LIKE,https://www.linkedin.com/feed/update/urn%3Ali%3Aactivity%3A7317094206999552000
2025-04-23 02:16:54,LIKE,https://www.linkedin.com/feed/update/urn%3Ali%3AugcPost%3A7318838686949810177
2025-04-22 01:42:59,LIKE,https://www.linkedin.com/feed/update/urn%3Ali%3AugcPost%3A7320066767303680001
2025-04-22 01:41:06,LIKE,https://www.linkedin.com/feed/update/urn%3Ali%3Aactivity%3A7320124069851373568
2025-04-22 01:40:47,LIKE,https://www.linkedin.com/feed/update/urn%3Ali%3Aactivity%3A7319987227269201920
2025-04-18 13:00:09,LIKE,https://www.linkedin.com/feed/update/urn%3Ali%3AgroupPost%3A2066905-7318902560700981250
2025-04-10 21:35:05,LIKE,https://www.linkedin.com/feed/update/urn%3Ali%3Aactivity%3A7315999525477793794
2025-04-09 12:49:46,LIKE,https://www.linkedin.com/feed/update/urn%3Ali%3Aactivity%3A7314583494842580992
2025-04-09 12:46:55,LIKE,https://www.linkedin.com/feed/update/urn%3Ali%3Aactivity%3A7315259693633830913
2025-04-09 10:48:10,LIKE,https://www.linkedin.com/feed/update/urn%3Ali%3Aactivity%3A7314948753893826561
2025-04-09 10:36:09,LIKE,https://www.linkedin.com/feed/update/urn%3Ali%3Aactivity%3A7315633348419174401
2025-04-09 10:35:39,LIKE,https://www.linkedin.com/feed/update/urn%3Ali%3Aactivity%3A7314904791195795456
2025-04-04 14:03:48,LIKE,https://www.linkedin.com/feed/update/urn%3Ali%3Aactivity%3A7313901717509615616
2025-03-31 13:02:53,LIKE,https://www.linkedin.com/feed/update/urn%3Ali%3AugcPost%3A7312298572022996992
2025-03-30 23:20:39,LIKE,https://www.linkedin.com/feed/update/urn%3Ali%3Aactivity%3A7311127044170379264
2025-03-28 00:24:00,LIKE,https://www.linkedin.com/feed/update/urn%3Ali%3Aactivity%3A7311122268250599428
2025-03-22 13:49:47,LIKE,https://www.linkedin.com/feed/update/urn%3Ali%3Aactivity%3A7308915825179045889
2025-03-19 15:16:16,LIKE,https://www.linkedin.com/feed/update/urn%3Ali%3Aactivity%3A7307445831706574848
2025-03-19 15:15:25,LIKE,https://www.linkedin.com/feed/update/urn%3Ali%3AugcPost%3A7307853044216418304
2025-03-07 20:53:06,LIKE,https://www.linkedin.com/feed/update/urn%3Ali%3Aactivity%3A7300654632458932225
2025-03-07 17:20:29,LIKE,https://www.linkedin.com/feed/update/urn%3Ali%3Aactivity%3A7303761355226910720
2025-03-05 20:21:37,LIKE,https://www.linkedin.com/feed/update/urn%3Ali%3Aactivity%3A7302674212341579777
2025-02-20 11:10:59,LIKE,https://www.linkedin.com/feed/update/urn%3Ali%3Aactivity%3A7295851997461688320
2025-02-20 11:10:55,APPRECIATION,https://www.linkedin.com/feed/update/urn%3Ali%3Aactivity%3A7295851997461688320?commentUrn=urn%3Ali%3Acomment%3A%28activity%3A7295851997461688320%2C7296901177995112448%29
2025-02-19 22:49:09,LIKE,https://www.linkedin.com/feed/update/urn%3Ali%3AugcPost%3A7297951075653816321
2025-02-19 19:14:57,LIKE,https://www.linkedin.com/feed/update/urn%3Ali%3AgroupPost%3A40949-7295524414404648961
2025-02-19 00:59:18,LIKE,https://www.linkedin.com/feed/update/urn%3Ali%3Aactivity%3A7297725091277094913
2025-02-14 13:18:36,LIKE,https://www.linkedin.com/feed/update/urn%3Ali%3AugcPost%3A7293470863713091585
2025-02-11 22:41:15,LIKE,https://www.linkedin.com/feed/update/urn%3Ali%3Aactivity%3A7293644715604811776
2025-02-11 20:33:36,LIKE,https://www.linkedin.com/feed/update/urn%3Ali%3Aactivity%3A7293509061906423809
2025-02-11 20:32:35,LIKE,https://www.linkedin.com/feed/update/urn%3Ali%3Aactivity%3A7294737918605041665
2025-01-26 18:19:19,LIKE,https://www.linkedin.com/feed/update/urn%3Ali%3AgroupPost%3A40949-7285389337347645441
2025-01-18 21:46:00,LIKE,https://www.linkedin.com/feed/update/urn%3Ali%3AugcPost%3A7285809201954603009
2025-01-09 17:55:25,LIKE,https://www.linkedin.com/feed/update/urn%3Ali%3AugcPost%3A7280800801122398210
2025-01-03 14:46:04,LIKE,https://www.linkedin.com/feed/update/urn%3Ali%3AugcPost%3A7280768813644623872
2025-01-02 14:26:27,LIKE,https://www.linkedin.com/feed/update/urn%3Ali%3Aactivity%3A7270462746180161536
2024-12-21 01:24:18,LIKE,https://www.linkedin.com/feed/update/urn%3Ali%3AugcPost%3A7275289582261190656
2024-11-25 17:23:53,LIKE,https://www.linkedin.com/feed/update/urn%3Ali%3Aactivity%3A7266808905844809729
2024-11-22 22:05:08,LIKE,https://www.linkedin.com/feed/update/urn%3Ali%3AugcPost%3A7265111843415707648
2024-11-18 16:03:48,LIKE,https://www.linkedin.com/feed/update/urn%3Ali%3Aactivity%3A7264283597472206850
2024-11-08 19:00:04,LIKE,https://www.linkedin.com/feed/update/urn%3Ali%3AugcPost%3A7260708192223911937
2024-11-06 12:36:56,LIKE,https://www.linkedin.com/feed/update/urn%3Ali%3AugcPost%3A7259549743167557633
2024-10-27 09:08:38,LIKE,https://www.linkedin.com/feed/update/urn%3Ali%3AugcPost%3A7255103663893790721
2024-10-27 09:08:32,LIKE,https://www.linkedin.com/feed/update/urn%3Ali%3Aactivity%3A7255046616594759680
2024-10-22 13:01:59,LIKE,https://www.linkedin.com/feed/update/urn%3Ali%3Aactivity%3A7250083927124549633
2024-10-15 13:23:46,LIKE,https://www.linkedin.com/feed/update/urn%3Ali%3AugcPost%3A7251345603513708545
2024-10-11 17:23:59,LIKE,https://www.linkedin.com/feed/update/urn%3Ali%3AugcPost%3A7250083672198950912
2024-10-09 17:02:25,ENTERTAINMENT,https://www.linkedin.com/feed/update/urn%3Ali%3AugcPost%3A7249660565885739008
2024-10-08 18:59:18,LIKE,https://www.linkedin.com/feed/update/urn%3Ali%3Aactivity%3A7245421400344133632
2024-10-08 18:53:52,LIKE,https://www.linkedin.com/feed/update/urn%3Ali%3Aactivity%3A7249449184775303168
2024-10-03 21:40:27,LIKE,https://www.linkedin.com/feed/update/urn%3Ali%3AugcPost%3A7247023885236277248
2024-10-01 20:36:14,LIKE,https://www.linkedin.com/feed/update/urn%3Ali%3Aactivity%3A7245494054648438784
2024-09-26 11:44:53,LIKE,https://www.linkedin.com/feed/update/urn%3Ali%3AugcPost%3A7244052420186505216?commentUrn=urn%3Ali%3Acomment%3A%28ugcPost%3A7244052420186505216%2C7244392198274732032%29
2024-09-26 11:44:50,LIKE,https://www.linkedin.com/feed/update/urn%3Ali%3AugcPost%3A7244052420186505216?commentUrn=urn%3Ali%3Acomment%3A%28ugcPost%3A7244052420186505216%2C7244301583662878720%29
2024-09-26 11:44:49,LIKE,https://www.linkedin.com/feed/update/urn%3Ali%3AugcPost%3A7244052420186505216?commentUrn=urn%3Ali%3Acomment%3A%28ugcPost%3A7244052420186505216%2C7244071024252588032%29
2024-09-26 11:44:47,LIKE,https://www.linkedin.com/feed/update/urn%3Ali%3AugcPost%3A7244052420186505216?commentUrn=urn%3Ali%3Acomment%3A%28ugcPost%3A7244052420186505216%2C7244711939258417155%29
2024-09-23 20:30:36,ENTERTAINMENT,https://www.linkedin.com/feed/update/urn%3Ali%3Aactivity%3A7244033650638426113
2024-09-18 02:43:56,LIKE,https://www.linkedin.com/feed/update/urn%3Ali%3Aactivity%3A7241855951601872896
2024-09-14 20:32:55,LIKE,https://www.linkedin.com/feed/update/urn%3Ali%3Aactivity%3A7240260429606748160
2024-09-09 19:32:04,EMPATHY,https://www.linkedin.com/feed/update/urn%3Ali%3Aactivity%3A7238957511381295104
2024-09-07 20:16:14,LIKE,https://www.linkedin.com/feed/update/urn%3Ali%3AgroupPost%3A2784738-7237414242574827522
2024-09-05 15:11:16,LIKE,https://www.linkedin.com/feed/update/urn%3Ali%3AugcPost%3A7230579419193499648
2024-09-05 15:11:03,LIKE,https://www.linkedin.com/feed/update/urn%3Ali%3AugcPost%3A7237467741312475136
2024-09-04 11:57:18,LIKE,https://www.linkedin.com/feed/update/urn%3Ali%3Aactivity%3A7236027512118480898
2024-09-04 00:07:33,LIKE,https://www.linkedin.com/feed/update/urn%3Ali%3AugcPost%3A7236773498688266244
2024-09-03 16:28:37,LIKE,https://www.linkedin.com/feed/update/urn%3Ali%3Aactivity%3A7236413647042875393
2024-09-01 19:58:19,LIKE,https://www.linkedin.com/feed/update/urn%3Ali%3AugcPost%3A7235232224785125376
2024-08-31 20:02:43,LIKE,https://www.linkedin.com/feed/update/urn%3Ali%3Aactivity%3A7234949827053191170
2024-08-30 00:48:32,LIKE,https://www.linkedin.com/feed/update/urn%3Ali%3Aactivity%3A7235011921156997121
2024-08-28 19:49:43,LIKE,https://www.linkedin.com/feed/update/urn%3Ali%3Aactivity%3A7234556734256594944
2024-08-26 16:43:32,LIKE,https://www.linkedin.com/feed/update/urn%3Ali%3Aactivity%3A7232881810429374465
2024-08-23 00:39:43,LIKE,https://www.linkedin.com/feed/update/urn%3Ali%3Aactivity%3A7232088472117784576
2024-08-16 21:44:33,LIKE,https://www.linkedin.com/feed/update/urn%3Ali%3AugcPost%3A7229845576119418882
2024-08-16 03:29:04,LIKE,https://www.linkedin.com/feed/update/urn%3Ali%3AugcPost%3A7228802552186753025
2024-08-07 14:52:56,LIKE,https://www.linkedin.com/feed/update/urn%3Ali%3Aactivity%3A7226630836140343296
2024-08-06 15:19:26,EMPATHY,https://www.linkedin.com/feed/update/urn%3Ali%3Aactivity%3A7152687140827533312
2024-08-06 15:19:22,EMPATHY,https://www.linkedin.com/feed/update/urn%3Ali%3Aactivity%3A7226606934076858368
2024-08-06 15:19:11,EMPATHY,https://www.linkedin.com/feed/update/urn%3Ali%3AugcPost%3A7226607113177890816
2024-08-05 19:50:19,PRAISE,https://www.linkedin.com/feed/update/urn%3Ali%3AugcPost%3A7226299657826578432
2024-08-05 19:43:58,PRAISE,https://www.linkedin.com/feed/update/urn%3Ali%3AugcPost%3A7226217033422548992
2024-08-04 01:17:01,PRAISE,https://www.linkedin.com/feed/update/urn%3Ali%3AugcPost%3A7225467330259025920
2024-08-02 18:53:17,EMPATHY,https://www.linkedin.com/feed/update/urn%3Ali%3Aactivity%3A7225130737417568256
2024-08-01 19:28:35,LIKE,https://www.linkedin.com/feed/update/urn%3Ali%3AugcPost%3A7224806956736098304
2024-08-01 02:42:23,LIKE,https://www.linkedin.com/feed/update/urn%3Ali%3AugcPost%3A7224556628254019586
2024-07-30 23:54:32,LIKE,https://www.linkedin.com/feed/update/urn%3Ali%3AugcPost%3A7224100252226596864
2024-07-29 01:26:12,EMPATHY,https://www.linkedin.com/feed/update/urn%3Ali%3AugcPost%3A7222529906566475777
2024-07-29 01:25:15,LIKE,https://www.linkedin.com/feed/update/urn%3Ali%3Aactivity%3A7221515114015801344
2024-07-29 01:23:19,EMPATHY,https://www.linkedin.com/feed/update/urn%3Ali%3AugcPost%3A7222021898849689600
2024-07-24 19:48:43,LIKE,https://www.linkedin.com/feed/update/urn%3Ali%3Aactivity%3A7221923716450955266
2024-07-20 13:53:29,LIKE,https://www.linkedin.com/feed/update/urn%3Ali%3AugcPost%3A7217488484813418498
2024-07-15 13:25:33,LIKE,https://www.linkedin.com/feed/update/urn%3Ali%3Aactivity%3A7213912666405302272
2024-07-15 13:18:35,ENTERTAINMENT,https://www.linkedin.com/feed/update/urn%3Ali%3AugcPost%3A7216802296335093760
2024-07-15 13:16:59,LIKE,https://www.linkedin.com/feed/update/urn%3Ali%3AugcPost%3A7218140031213830144
2024-07-15 13:14:24,LIKE,https://www.linkedin.com/feed/update/urn%3Ali%3AugcPost%3A7213905976599425025
2024-07-14 17:48:07,LIKE,https://www.linkedin.com/feed/update/urn%3Ali%3AugcPost%3A7218265091517927425
2024-07-11 15:58:04,PRAISE,https://www.linkedin.com/feed/update/urn%3Ali%3AugcPost%3A7217172961596743683
2024-07-04 13:46:52,LIKE,https://www.linkedin.com/feed/update/urn%3Ali%3AugcPost%3A7213645820292673537
2024-06-25 11:21:18,LIKE,https://www.linkedin.com/feed/update/urn%3Ali%3Aactivity%3A7210471608061206528
2024-06-15 15:52:38,EMPATHY,https://www.linkedin.com/feed/update/urn%3Ali%3AugcPost%3A7207534966136537088
2024-06-13 12:17:41,LIKE,https://www.linkedin.com/feed/update/urn%3Ali%3AugcPost%3A7206670473122729985
2024-06-05 12:39:38,LIKE,https://www.linkedin.com/feed/update/urn%3Ali%3AugcPost%3A7197560944460234752
2024-06-05 12:38:24,EMPATHY,https://www.linkedin.com/feed/update/urn%3Ali%3AgroupPost%3A951327-7199428679477653504
2024-06-05 12:36:47,LIKE,https://www.linkedin.com/feed/update/urn%3Ali%3Aactivity%3A7204033108084473856
2024-06-01 22:23:07,LIKE,https://www.linkedin.com/feed/update/urn%3Ali%3AgroupPost%3A40949-7197444614503424000
2024-06-01 22:20:50,LIKE,https://www.linkedin.com/feed/update/urn%3Ali%3AugcPost%3A7202476298542170112
2024-05-29 16:00:34,LIKE,https://www.linkedin.com/feed/update/urn%3Ali%3AugcPost%3A7201585113069928448
2024-05-27 15:18:48,LIKE,https://www.linkedin.com/feed/update/urn%3Ali%3Aactivity%3A7200839147564019713
2024-05-23 16:59:37,APPRECIATION,https://www.linkedin.com/feed/update/urn%3Ali%3AgroupPost%3A3901022-7195541341009825792
2024-05-22 16:29:44,LIKE,https://www.linkedin.com/feed/update/urn%3Ali%3AgroupPost%3A13991789-7199034195094945793
2024-05-08 14:37:25,LIKE,https://www.linkedin.com/feed/update/urn%3Ali%3AugcPost%3A7192149621186445312
2024-04-29 21:54:49,LIKE,https://www.linkedin.com/feed/update/urn%3Ali%3AugcPost%3A7190495796423770112
2024-04-29 11:19:44,LIKE,https://www.linkedin.com/feed/update/urn%3Ali%3AgroupPost%3A13991789-7187240048377909248
2024-04-29 11:18:15,LIKE,https://www.linkedin.com/feed/update/urn%3Ali%3AugcPost%3A7187927790367690753
2024-04-29 01:58:19,LIKE,https://www.linkedin.com/feed/update/urn%3Ali%3AugcPost%3A7183824335625740288
2024-04-25 18:06:53,LIKE,https://www.linkedin.com/feed/update/urn%3Ali%3AugcPost%3A7186155656142344192
2024-04-25 18:06:17,LIKE,https://www.linkedin.com/feed/update/urn%3Ali%3Aactivity%3A7189264594807181313
2024-04-23 19:37:54,LIKE,https://www.linkedin.com/feed/update/urn%3Ali%3Aactivity%3A7188268490120658944
2024-04-23 19:24:20,LIKE,https://www.linkedin.com/feed/update/urn%3Ali%3Aactivity%3A7187754347353493504
2024-04-23 19:23:54,LIKE,https://www.linkedin.com/feed/update/urn%3Ali%3AugcPost%3A7186981621412020224
2024-04-22 15:56:30,LIKE,https://www.linkedin.com/feed/update/urn%3Ali%3AugcPost%3A7187105719341531136
2024-04-19 21:58:55,LIKE,https://www.linkedin.com/feed/update/urn%3Ali%3AugcPost%3A7186354551166267393
2024-04-16 15:49:57,LIKE,https://www.linkedin.com/feed/update/urn%3Ali%3AgroupPost%3A13991789-7184334630441959424
2024-04-16 15:48:47,LIKE,https://www.linkedin.com/feed/update/urn%3Ali%3Aactivity%3A7185683981420359680
2024-04-12 05:17:04,LIKE,https://www.linkedin.com/feed/update/urn%3Ali%3AugcPost%3A7184313469528068096
2024-04-04 13:38:31,LIKE,https://www.linkedin.com/feed/update/urn%3Ali%3AugcPost%3A7181266177510227972
2024-04-04 13:33:40,LIKE,https://www.linkedin.com/feed/update/urn%3Ali%3AugcPost%3A7177982317808783361
2024-04-04 13:33:11,LIKE,https://www.linkedin.com/feed/update/urn%3Ali%3AugcPost%3A7175051764470046720
2024-04-02 14:50:29,LIKE,https://www.linkedin.com/feed/update/urn%3Ali%3AugcPost%3A7179075390479441920
2024-04-02 14:50:05,LIKE,https://www.linkedin.com/feed/update/urn%3Ali%3Aactivity%3A7176576171604594689
2024-03-28 04:32:30,LIKE,https://www.linkedin.com/feed/update/urn%3Ali%3AgroupPost%3A13991789-7178239754411409408
2024-03-26 15:02:52,LIKE,https://www.linkedin.com/feed/update/urn%3Ali%3AugcPost%3A7178174903458705408
2024-03-15 14:06:14,LIKE,https://www.linkedin.com/feed/update/urn%3Ali%3Aactivity%3A7174035082918146050
2024-03-15 14:06:06,LIKE,https://www.linkedin.com/feed/update/urn%3Ali%3AgroupPost%3A13991789-7173117334713196544
2024-03-14 19:06:50,LIKE,https://www.linkedin.com/feed/update/urn%3Ali%3AgroupPost%3A2852266-7173875463721873409
2024-03-14 18:16:08,LIKE,https://www.linkedin.com/feed/update/urn%3Ali%3AugcPost%3A7174074407420653568
2024-03-10 20:35:13,LIKE,https://www.linkedin.com/feed/update/urn%3Ali%3AgroupPost%3A40949-7168983426954465280
2024-03-10 04:05:55,LIKE,https://www.linkedin.com/feed/update/urn%3Ali%3AgroupPost%3A40949-7169137891674185730
2024-03-07 19:40:52,LIKE,https://www.linkedin.com/feed/update/urn%3Ali%3AgroupPost%3A40949-7171119802168676354
2024-02-27 15:35:04,LIKE,https://www.linkedin.com/feed/update/urn%3Ali%3AugcPost%3A7167840777660710914
2024-02-22 16:16:56,LIKE,https://www.linkedin.com/feed/update/urn%3Ali%3AugcPost%3A7166392209372618752
2024-02-22 12:07:32,LIKE,https://www.linkedin.com/feed/update/urn%3Ali%3AgroupPost%3A40949-7164536646128922624
2024-02-20 19:15:52,LIKE,https://www.linkedin.com/feed/update/urn%3Ali%3AgroupPost%3A40949-7165661571120091136
2024-02-20 19:13:39,LIKE,https://www.linkedin.com/feed/update/urn%3Ali%3Aactivity%3A7163933283242737664
2024-02-20 12:21:50,LIKE,https://www.linkedin.com/feed/update/urn%3Ali%3AgroupPost%3A40949-7164313157052706816
2024-02-19 00:15:09,LIKE,https://www.linkedin.com/feed/update/urn%3Ali%3AgroupPost%3A23402-7164939669271433216
2024-02-16 01:06:39,LIKE,https://www.linkedin.com/feed/update/urn%3Ali%3AgroupPost%3A40949-7163575153942085632
2024-02-14 20:35:53,LIKE,https://www.linkedin.com/feed/update/urn%3Ali%3AgroupPost%3A40949-7163592600904552448
2024-02-14 01:43:08,LIKE,https://www.linkedin.com/feed/update/urn%3Ali%3AgroupPost%3A40949-7162470089433313280
2024-02-14 01:23:57,LIKE,https://www.linkedin.com/feed/update/urn%3Ali%3Aactivity%3A7163225183980343296
2024-02-14 01:22:20,LIKE,https://www.linkedin.com/feed/update/urn%3Ali%3AgroupPost%3A40949-7163213268419887109
2024-02-13 14:12:35,LIKE,https://www.linkedin.com/feed/update/urn%3Ali%3Aactivity%3A7159289837156491265
2024-02-13 14:11:00,LIKE,https://www.linkedin.com/feed/update/urn%3Ali%3Aactivity%3A7162980845094440961
2024-02-13 14:10:32,LIKE,https://www.linkedin.com/feed/update/urn%3Ali%3AgroupPost%3A40949-7162506808379592706
2024-02-11 23:32:45,LIKE,https://www.linkedin.com/feed/update/urn%3Ali%3AgroupPost%3A3990648-7162415476793356288
2024-02-11 23:31:16,LIKE,https://www.linkedin.com/feed/update/urn%3Ali%3AgroupPost%3A40949-7158558533678981120
2024-02-11 16:18:14,LIKE,https://www.linkedin.com/feed/update/urn%3Ali%3AgroupPost%3A40949-7162126964298907649
2024-02-11 16:10:27,LIKE,https://www.linkedin.com/feed/update/urn%3Ali%3AugcPost%3A7162097693241102336
2024-02-11 16:10:09,LIKE,https://www.linkedin.com/feed/update/urn%3Ali%3AgroupPost%3A40949-7157412691920273409
2024-02-11 16:09:56,LIKE,https://www.linkedin.com/feed/update/urn%3Ali%3AugcPost%3A7162470963991732224
2024-02-09 17:18:12,LIKE,https://www.linkedin.com/feed/update/urn%3Ali%3AgroupPost%3A40949-7156698273842442240
2024-02-08 16:20:34,LIKE,https://www.linkedin.com/feed/update/urn%3Ali%3AgroupPost%3A40949-7161018231967690752
2024-02-08 16:20:18,ENTERTAINMENT,https://www.linkedin.com/feed/update/urn%3Ali%3AugcPost%3A7161379246571982848
2024-02-06 19:27:18,LIKE,https://www.linkedin.com/feed/update/urn%3Ali%3AgroupPost%3A40949-7158891585240240128
2024-02-05 22:30:49,LIKE,https://www.linkedin.com/feed/update/urn%3Ali%3AgroupPost%3A40949-7157779923468779520
2024-02-05 19:34:22,LIKE,https://www.linkedin.com/feed/update/urn%3Ali%3AgroupPost%3A40949-7157410718500225024
2024-02-05 18:25:31,LIKE,https://www.linkedin.com/feed/update/urn%3Ali%3AgroupPost%3A40949-7157787104293347328
2024-02-03 16:26:31,LIKE,https://www.linkedin.com/feed/update/urn%3Ali%3AgroupPost%3A40949-7157775819115839488
2024-02-02 20:17:35,LIKE,https://www.linkedin.com/feed/update/urn%3Ali%3AgroupPost%3A3990648-7159153488063602688
2024-02-01 20:53:22,LIKE,https://www.linkedin.com/feed/update/urn%3Ali%3AugcPost%3A7158917370571276288
2024-02-01 13:59:42,LIKE,https://www.linkedin.com/feed/update/urn%3Ali%3AarticleSegment%3A%28urn%3Ali%3AlinkedInArticle%3A7155988107463409664%2C7155988109199867904%29?commentUrn=urn%3Ali%3Acomment%3A%28articleSegment%3A%28urn%3Ali%3AlinkedInArticle%3A7155988107463409664%2C7155988109199867904%29%2C7158166468906422272%29
2024-01-26 14:51:48,LIKE,https://www.linkedin.com/feed/update/urn%3Ali%3AgroupPost%3A13927028-7152380514430005248
2024-01-25 22:36:00,LIKE,https://www.linkedin.com/feed/update/urn%3Ali%3AgroupPost%3A40949-7155521980476055552
2024-01-22 16:29:12,LIKE,https://www.linkedin.com/feed/update/urn%3Ali%3Aactivity%3A7150825341010288640
2024-01-17 23:34:34,LIKE,https://www.linkedin.com/feed/update/urn%3Ali%3Aactivity%3A7153347793800118272
2024-01-17 19:44:09,LIKE,https://www.linkedin.com/feed/update/urn%3Ali%3AugcPost%3A7153146911003181056
2024-01-15 15:11:31,LIKE,https://www.linkedin.com/feed/update/urn%3Ali%3AugcPost%3A7118251391592054784
2024-01-15 15:11:25,LIKE,https://www.linkedin.com/feed/update/urn%3Ali%3AugcPost%3A7150537477378736128
2024-01-15 14:21:08,LIKE,https://www.linkedin.com/feed/update/urn%3Ali%3AugcPost%3A7152050994636304384
2024-01-14 20:41:22,LIKE,https://www.linkedin.com/feed/update/urn%3Ali%3AgroupPost%3A40949-7151262613027377152
2024-01-03 16:48:38,EMPATHY,https://www.linkedin.com/feed/update/urn%3Ali%3AugcPost%3A7147939273210548224
2024-01-03 14:05:30,LIKE,https://www.linkedin.com/feed/update/urn%3Ali%3AugcPost%3A7148122782168403968
2023-12-30 18:15:37,LIKE,https://www.linkedin.com/feed/update/urn%3Ali%3AugcPost%3A7146909299494027264
2023-12-29 14:11:26,LIKE,https://www.linkedin.com/feed/update/urn%3Ali%3AugcPost%3A7143654848003993601
2023-12-27 18:52:56,LIKE,https://www.linkedin.com/feed/update/urn%3Ali%3Aactivity%3A7143601064003436546
2023-12-25 17:21:55,LIKE,https://www.linkedin.com/feed/update/urn%3Ali%3AugcPost%3A7143117920586350593
2023-12-22 23:15:17,LIKE,https://www.linkedin.com/feed/update/urn%3Ali%3AugcPost%3A7143978618589704192
2023-12-13 02:20:44,LIKE,https://www.linkedin.com/feed/update/urn%3Ali%3AugcPost%3A7140438367187501058
2023-12-07 14:27:35,LIKE,https://www.linkedin.com/feed/update/urn%3Ali%3AugcPost%3A7137675643542016000
2023-11-28 02:31:54,LIKE,https://www.linkedin.com/feed/update/urn%3Ali%3AugcPost%3A7133146022590955521
2023-11-23 16:49:42,LIKE,https://www.linkedin.com/feed/update/urn%3Ali%3AugcPost%3A7133436544979230721
2023-11-23 16:47:58,LIKE,https://www.linkedin.com/feed/update/urn%3Ali%3AugcPost%3A7133475639776456706
2023-11-21 01:25:51,LIKE,https://www.linkedin.com/feed/update/urn%3Ali%3Aactivity%3A7132348397193179136
2023-11-15 21:31:34,LIKE,https://www.linkedin.com/feed/update/urn%3Ali%3Aactivity%3A7125924812949987328
2023-11-06 22:19:48,LIKE,https://www.linkedin.com/feed/update/urn%3Ali%3AugcPost%3A7127372916568055809
2023-11-04 04:14:37,LIKE,https://www.linkedin.com/feed/update/urn%3Ali%3AgroupPost%3A25827-7126089678377644033
2023-11-04 04:12:52,LIKE,https://www.linkedin.com/feed/update/urn%3Ali%3Aactivity%3A7121125417465307136
2023-11-04 04:11:52,LIKE,https://www.linkedin.com/feed/update/urn%3Ali%3AugcPost%3A7126393645229821952
2023-10-31 17:37:41,LIKE,https://www.linkedin.com/feed/update/urn%3Ali%3Aactivity%3A7124896886280396802
2023-10-28 19:31:42,LIKE,https://www.linkedin.com/feed/update/urn%3Ali%3AugcPost%3A7124040655948935168
2023-10-24 19:52:29,LIKE,https://www.linkedin.com/feed/update/urn%3Ali%3AugcPost%3A7122398195204124672
2023-10-17 00:57:05,LIKE,https://www.linkedin.com/feed/update/urn%3Ali%3Aactivity%3A7119698567014830080
2023-10-17 00:56:29,LIKE,https://www.linkedin.com/feed/update/urn%3Ali%3AugcPost%3A7119670120557228032
2023-10-15 14:22:06,LIKE,https://www.linkedin.com/feed/update/urn%3Ali%3AugcPost%3A7119020473732018176
2023-10-13 16:03:38,LIKE,https://www.linkedin.com/feed/update/urn%3Ali%3Aactivity%3A7118228661798858752
2023-10-12 23:14:37,LIKE,https://www.linkedin.com/feed/update/urn%3Ali%3AugcPost%3A7118097494009384960
2023-10-11 22:50:56,LIKE,https://www.linkedin.com/feed/update/urn%3Ali%3AugcPost%3A7117556891408310272
2023-10-10 03:50:12,LIKE,https://www.linkedin.com/feed/update/urn%3Ali%3AgroupPost%3A40949-7117214716732547072
2023-10-08 15:00:52,LIKE,https://www.linkedin.com/feed/update/urn%3Ali%3AugcPost%3A7116701046764171264
2023-09-29 17:47:29,LIKE,https://www.linkedin.com/feed/update/urn%3Ali%3Aactivity%3A7112173601981624321
2023-09-29 17:46:32,LIKE,https://www.linkedin.com/feed/update/urn%3Ali%3AugcPost%3A7111763649358159872
2023-09-29 17:40:17,LIKE,https://www.linkedin.com/feed/update/urn%3Ali%3AgroupPost%3A13991789-7113332617600503808
2023-09-27 14:40:07,LIKE,https://www.linkedin.com/feed/update/urn%3Ali%3AugcPost%3A7112559651208003584
2023-09-20 14:35:06,LIKE,https://www.linkedin.com/feed/update/urn%3Ali%3AugcPost%3A7108470066567880705
2023-09-20 14:32:53,LIKE,https://www.linkedin.com/feed/update/urn%3Ali%3AugcPost%3A7109616388394164224
2023-09-18 13:18:57,LIKE,https://www.linkedin.com/feed/update/urn%3Ali%3AugcPost%3A7109179437505462272
2023-09-15 01:30:40,LIKE,https://www.linkedin.com/feed/update/urn%3Ali%3AugcPost%3A7104922196266950658
2023-09-14 17:38:52,LIKE,https://www.linkedin.com/feed/update/urn%3Ali%3AugcPost%3A7105063321682251776
2023-09-14 17:38:48,LIKE,https://www.linkedin.com/feed/update/urn%3Ali%3AugcPost%3A7105161156352204801
2023-09-12 14:29:51,LIKE,https://www.linkedin.com/feed/update/urn%3Ali%3AugcPost%3A7106350653165240320
2023-09-12 14:28:49,LIKE,https://www.linkedin.com/feed/update/urn%3Ali%3Aactivity%3A7106962084185190400
2023-09-12 14:28:26,LIKE,https://www.linkedin.com/feed/update/urn%3Ali%3AugcPost%3A7106344019961532416
2023-09-10 00:14:58,LIKE,https://www.linkedin.com/feed/update/urn%3Ali%3AugcPost%3A7106150819544121344
2023-09-10 00:14:50,LIKE,https://www.linkedin.com/feed/update/urn%3Ali%3AgroupPost%3A13991789-7101904823909785601
2023-09-10 00:12:41,LIKE,https://www.linkedin.com/feed/update/urn%3Ali%3AugcPost%3A7098540906156363777
2023-09-10 00:12:06,LIKE,https://www.linkedin.com/feed/update/urn%3Ali%3AugcPost%3A7098987321072455680
2023-09-10 00:12:02,LIKE,https://www.linkedin.com/feed/update/urn%3Ali%3AugcPost%3A7106340525011582976
2023-09-08 15:36:52,LIKE,https://www.linkedin.com/feed/update/urn%3Ali%3AugcPost%3A7105514958838198272
2023-09-04 23:16:30,LIKE,https://www.linkedin.com/feed/update/urn%3Ali%3Aactivity%3A7004450282730377217
2023-09-04 23:16:11,LIKE,https://www.linkedin.com/feed/update/urn%3Ali%3AugcPost%3A6977806106530091012
2023-09-04 23:15:50,LIKE,https://www.linkedin.com/feed/update/urn%3Ali%3AugcPost%3A7104602681045831680
2023-09-01 15:33:52,LIKE,https://www.linkedin.com/feed/update/urn%3Ali%3AugcPost%3A7103396216201195521?commentUrn=urn%3Ali%3Acomment%3A%28ugcPost%3A7103396216201195521%2C7103398700307111937%29
2023-08-31 12:29:41,APPRECIATION,https://www.linkedin.com/feed/update/urn%3Ali%3Aactivity%3A7099195717772013568
2023-08-31 12:28:21,LIKE,https://www.linkedin.com/feed/update/urn%3Ali%3AugcPost%3A7102879151367331840
2023-08-31 12:26:49,LIKE,https://www.linkedin.com/feed/update/urn%3Ali%3AugcPost%3A7098115859625168897
2023-08-31 12:14:42,LIKE,https://www.linkedin.com/feed/update/urn%3Ali%3Aactivity%3A7102676410611154944
2023-08-29 20:15:42,LIKE,https://www.linkedin.com/feed/update/urn%3Ali%3AugcPost%3A7089992356313067522
2023-08-29 19:59:35,LIKE,https://www.linkedin.com/feed/update/urn%3Ali%3AugcPost%3A7100468631750201344
2023-08-29 15:49:13,LIKE,https://www.linkedin.com/feed/update/urn%3Ali%3AugcPost%3A7101988714725216256
2023-08-23 20:02:48,LIKE,https://www.linkedin.com/feed/update/urn%3Ali%3AugcPost%3A7100148758964772865
2023-08-20 21:43:37,LIKE,https://www.linkedin.com/feed/update/urn%3Ali%3AugcPost%3A7099059409531650049
2023-08-17 13:26:23,LIKE,https://www.linkedin.com/feed/update/urn%3Ali%3AugcPost%3A7097209706938523648
2023-08-09 18:36:10,LIKE,https://www.linkedin.com/feed/update/urn%3Ali%3AugcPost%3A7091772050205237249
2023-08-04 23:54:53,LIKE,https://www.linkedin.com/feed/update/urn%3Ali%3AugcPost%3A7093155877087510528
2023-07-31 12:23:58,LIKE,https://www.linkedin.com/feed/update/urn%3Ali%3AugcPost%3A7090685946555224064
2023-07-29 20:03:29,LIKE,https://www.linkedin.com/feed/update/urn%3Ali%3Aactivity%3A7090390174865448961
2023-07-27 14:57:02,LIKE,https://www.linkedin.com/feed/update/urn%3Ali%3AugcPost%3A7088965786186227712
2023-07-21 21:33:23,LIKE,https://www.linkedin.com/feed/update/urn%3Ali%3AugcPost%3A7088209847938113536
2023-07-21 21:32:38,LIKE,https://www.linkedin.com/feed/update/urn%3Ali%3AugcPost%3A7088258141607378948
2023-07-21 18:38:07,LIKE,https://www.linkedin.com/feed/update/urn%3Ali%3Aactivity%3A7087452603189448705?commentUrn=urn%3Ali%3Acomment%3A%28activity%3A7087452603189448705%2C7087538607720189952%29
2023-07-21 18:36:34,LIKE,https://www.linkedin.com/feed/update/urn%3Ali%3Aactivity%3A7087452603189448705
2023-07-21 18:18:53,LIKE,https://www.linkedin.com/feed/update/urn%3Ali%3AugcPost%3A7088178331631644674
2023-07-18 00:20:10,LIKE,https://www.linkedin.com/feed/update/urn%3Ali%3Aactivity%3A7086015325606989824
2023-07-18 00:06:09,PRAISE,https://www.linkedin.com/feed/update/urn%3Ali%3AugcPost%3A7085368560604131328
2023-07-17 23:30:26,LIKE,https://www.linkedin.com/feed/update/urn%3Ali%3Aactivity%3A7001692476398788608
2023-07-17 23:30:02,LIKE,https://www.linkedin.com/feed/update/urn%3Ali%3Aactivity%3A7086164195301281792
2023-07-17 23:27:41,LIKE,https://www.linkedin.com/feed/update/urn%3Ali%3AugcPost%3A7085692821747154944
2023-07-17 19:38:42,LIKE,https://www.linkedin.com/feed/update/urn%3Ali%3AugcPost%3A7084546958656163840
2023-07-11 13:44:15,LIKE,https://www.linkedin.com/feed/update/urn%3Ali%3Aactivity%3A7083779782932332544
2023-07-11 12:02:41,LIKE,https://www.linkedin.com/feed/update/urn%3Ali%3AugcPost%3A7083109805682225152
2023-07-11 01:21:42,LIKE,https://www.linkedin.com/feed/update/urn%3Ali%3AugcPost%3A7084139099200049152
2023-07-10 22:15:45,LIKE,https://www.linkedin.com/feed/update/urn%3Ali%3AugcPost%3A7082969376236150785
2023-07-06 01:01:59,LIKE,https://www.linkedin.com/feed/update/urn%3Ali%3AgroupPost%3A13991789-7082125648537743360
2023-06-26 12:16:06,LIKE,https://www.linkedin.com/feed/update/urn%3Ali%3AugcPost%3A7078258774976647168
2023-06-18 22:55:03,LIKE,https://www.linkedin.com/feed/update/urn%3Ali%3Aactivity%3A7072216627529822208
2023-06-18 18:46:54,LIKE,https://www.linkedin.com/feed/update/urn%3Ali%3Aactivity%3A7075442759288954880
2023-06-15 14:53:11,LIKE,https://www.linkedin.com/feed/update/urn%3Ali%3AugcPost%3A7074404567639068672
2023-06-08 15:07:54,LIKE,https://www.linkedin.com/feed/update/urn%3Ali%3Aactivity%3A7071839677648904193
2023-06-06 00:42:42,EMPATHY,https://www.linkedin.com/feed/update/urn%3Ali%3Aactivity%3A7071191574382026752
2023-05-27 17:52:57,LIKE,https://www.linkedin.com/feed/update/urn%3Ali%3AugcPost%3A7064228143175200769
2023-05-27 13:10:09,LIKE,https://www.linkedin.com/feed/update/urn%3Ali%3AugcPost%3A7066242902175191040
2023-05-27 13:09:35,LIKE,https://www.linkedin.com/feed/update/urn%3Ali%3Aactivity%3A7067838133823766528
2023-05-27 13:00:49,LIKE,https://www.linkedin.com/feed/update/urn%3Ali%3AugcPost%3A7067860385009160192
2023-05-24 19:46:56,LIKE,https://www.linkedin.com/feed/update/urn%3Ali%3Aactivity%3A7062109038066487297
2023-05-24 19:46:53,LIKE,https://www.linkedin.com/feed/update/urn%3Ali%3Aactivity%3A7065831681491939328
2023-05-24 14:11:44,LIKE,https://www.linkedin.com/feed/update/urn%3Ali%3AugcPost%3A7066901255863848960
2023-05-23 03:15:40,LIKE,https://www.linkedin.com/feed/update/urn%3Ali%3AugcPost%3A7064620890138808320
2023-05-23 03:12:18,LIKE,https://www.linkedin.com/feed/update/urn%3Ali%3Aactivity%3A7064392831271858176
2023-05-22 13:58:57,LIKE,https://www.linkedin.com/feed/update/urn%3Ali%3AugcPost%3A7064994184184647681
2023-05-20 21:52:16,LIKE,https://www.linkedin.com/feed/update/urn%3Ali%3Aactivity%3A7045159783015821312
2023-05-20 21:52:07,LIKE,https://www.linkedin.com/feed/update/urn%3Ali%3Aactivity%3A7059355712547643392
2023-04-27 10:44:14,LIKE,https://www.linkedin.com/feed/update/urn%3Ali%3AugcPost%3A7056943046117986305
2023-04-27 10:43:43,LIKE,https://www.linkedin.com/feed/update/urn%3Ali%3AugcPost%3A7056106268452614144
2023-04-27 10:43:39,LIKE,https://www.linkedin.com/feed/update/urn%3Ali%3AugcPost%3A7056383964608958464
2023-04-23 01:07:30,LIKE,https://www.linkedin.com/feed/update/urn%3Ali%3AugcPost%3A7054994609373925376
2023-04-20 20:57:36,LIKE,https://www.linkedin.com/feed/update/urn%3Ali%3AugcPost%3A7054454211429752832
2023-04-11 16:20:03,LIKE,https://www.linkedin.com/feed/update/urn%3Ali%3AugcPost%3A7051244087890305024
2023-04-11 16:18:28,LIKE,https://www.linkedin.com/feed/update/urn%3Ali%3Aactivity%3A7051511892745306114
2023-04-10 00:55:09,LIKE,https://www.linkedin.com/feed/update/urn%3Ali%3Aactivity%3A7050549403589189632
2023-04-08 01:21:55,LIKE,https://www.linkedin.com/feed/update/urn%3Ali%3AugcPost%3A7048309840254758912
2023-04-07 00:11:18,LIKE,https://www.linkedin.com/feed/update/urn%3Ali%3Aactivity%3A6949704211592839168
2023-04-06 16:55:10,LIKE,https://www.linkedin.com/feed/update/urn%3Ali%3Aactivity%3A7048741942020435968
2023-04-05 17:43:57,LIKE,https://www.linkedin.com/feed/update/urn%3Ali%3Aactivity%3A7049041785834082304
2023-04-05 12:33:10,LIKE,https://www.linkedin.com/feed/update/urn%3Ali%3Aactivity%3A7048628959231496192
2023-04-04 15:55:40,LIKE,https://www.linkedin.com/feed/update/urn%3Ali%3Aactivity%3A7049031651984568320
2023-03-29 15:04:09,LIKE,https://www.linkedin.com/feed/update/urn%3Ali%3Aactivity%3A7046171942424301568
2023-03-26 15:03:40,LIKE,https://www.linkedin.com/feed/update/urn%3Ali%3AugcPost%3A7045140647552405505
2023-03-25 16:07:55,LIKE,https://www.linkedin.com/feed/update/urn%3Ali%3Aactivity%3A7045163249134129153
2023-03-18 21:07:25,LIKE,https://www.linkedin.com/feed/update/urn%3Ali%3AugcPost%3A7042823354814267392
2023-02-28 22:26:46,LIKE,https://www.linkedin.com/feed/update/urn%3Ali%3Aactivity%3A7036406464797638656
2023-02-28 04:55:10,LIKE,https://www.linkedin.com/feed/update/urn%3Ali%3AugcPost%3A7035579576659394560
2023-02-25 20:08:34,LIKE,https://www.linkedin.com/feed/update/urn%3Ali%3Aactivity%3A7035277990708051968
2023-02-20 13:16:44,LIKE,https://www.linkedin.com/feed/update/urn%3Ali%3AugcPost%3A7033236446815612928
2023-02-17 19:09:12,LIKE,https://www.linkedin.com/feed/update/urn%3Ali%3AugcPost%3A7031632294343843840
2023-02-17 19:06:11,LIKE,https://www.linkedin.com/feed/update/urn%3Ali%3AugcPost%3A7026475912825102336
2023-02-17 19:06:09,LIKE,https://www.linkedin.com/feed/update/urn%3Ali%3AugcPost%3A7027949085345165312
2023-02-17 19:03:38,LIKE,https://www.linkedin.com/feed/update/urn%3Ali%3AugcPost%3A7031211373598490624
2023-02-16 15:09:26,LIKE,https://www.linkedin.com/feed/update/urn%3Ali%3Aactivity%3A7031660016000475136
2023-02-09 18:38:00,LIKE,https://www.linkedin.com/feed/update/urn%3Ali%3AugcPost%3A7025987940044435456
2023-01-30 21:33:33,LIKE,https://www.linkedin.com/feed/update/urn%3Ali%3Aactivity%3A7021093838760947714
2023-01-26 13:36:13,LIKE,https://www.linkedin.com/feed/update/urn%3Ali%3AugcPost%3A7021959821851557888
2023-01-18 15:45:08,LIKE,https://www.linkedin.com/feed/update/urn%3Ali%3Aactivity%3A7021502167337361408
2023-01-16 14:44:04,LIKE,https://www.linkedin.com/feed/update/urn%3Ali%3AugcPost%3A7019821572660056064
2022-12-21 19:35:39,LIKE,https://www.linkedin.com/feed/update/urn%3Ali%3Aactivity%3A7011382731494346753
2022-12-06 02:50:45,LIKE,https://www.linkedin.com/feed/update/urn%3Ali%3AugcPost%3A7005607901796958208
2022-11-24 14:03:38,LIKE,https://www.linkedin.com/feed/update/urn%3Ali%3AugcPost%3A6998602805364031488
2022-11-22 03:47:33,LIKE,https://www.linkedin.com/feed/update/urn%3Ali%3AugcPost%3A7000496682710745088
2022-11-18 19:11:04,LIKE,https://www.linkedin.com/feed/update/urn%3Ali%3Aactivity%3A6999099868161990658
2022-11-13 15:53:10,LIKE,https://www.linkedin.com/feed/update/urn%3Ali%3AugcPost%3A6997580366588846080
2022-11-11 16:42:36,LIKE,https://www.linkedin.com/feed/update/urn%3Ali%3Aactivity%3A6996853371714297856
2022-11-08 21:20:05,LIKE,https://www.linkedin.com/feed/update/urn%3Ali%3AugcPost%3A6995372575946158080
2022-11-08 14:24:12,LIKE,https://www.linkedin.com/feed/update/urn%3Ali%3Aactivity%3A6991077688459296768
2022-11-04 20:36:43,LIKE,https://www.linkedin.com/feed/update/urn%3Ali%3Aactivity%3A6994019553512976385
2022-10-22 17:29:03,LIKE,https://www.linkedin.com/feed/update/urn%3Ali%3AugcPost%3A6985393374811856896
2022-10-12 12:49:33,LIKE,https://www.linkedin.com/feed/update/urn%3Ali%3Aactivity%3A6985654929541451776
2022-10-12 12:41:16,LIKE,https://www.linkedin.com/feed/update/urn%3Ali%3AugcPost%3A6985683581087924224
2022-10-10 16:15:40,LIKE,https://www.linkedin.com/feed/update/urn%3Ali%3Aactivity%3A6983905740105072640
2022-10-02 13:55:11,LIKE,https://www.linkedin.com/feed/update/urn%3Ali%3Aactivity%3A6979934378332151808
2022-10-02 13:54:50,LIKE,https://www.linkedin.com/feed/update/urn%3Ali%3AugcPost%3A6980185597722120193
2022-10-02 13:54:38,LIKE,https://www.linkedin.com/feed/update/urn%3Ali%3AugcPost%3A6981491740167815168
2022-09-29 04:18:20,LIKE,https://www.linkedin.com/feed/update/urn%3Ali%3AugcPost%3A6980697720097226752
2022-09-29 04:16:50,LIKE,https://www.linkedin.com/feed/update/urn%3Ali%3Aactivity%3A6980766334460583937
2022-09-28 00:14:17,LIKE,https://www.linkedin.com/feed/update/urn%3Ali%3AugcPost%3A6980612738867683329
2022-09-26 11:50:54,LIKE,https://www.linkedin.com/feed/update/urn%3Ali%3Aactivity%3A6978790173387931649
2022-09-25 14:57:37,LIKE,https://www.linkedin.com/feed/update/urn%3Ali%3Aactivity%3A6979187095516897280
2022-09-25 14:57:30,LIKE,https://www.linkedin.com/feed/update/urn%3Ali%3Aactivity%3A6978810169056968705
2022-09-22 22:03:48,LIKE,https://www.linkedin.com/feed/update/urn%3Ali%3Aactivity%3A6978789876867469312
2022-09-22 16:36:57,LIKE,https://www.linkedin.com/feed/update/urn%3Ali%3AugcPost%3A6976407639119306752
2022-09-22 12:07:03,LIKE,https://www.linkedin.com/feed/update/urn%3Ali%3Aactivity%3A6975614327265357824
2022-09-21 16:27:08,LIKE,https://www.linkedin.com/feed/update/urn%3Ali%3Aactivity%3A6976563246770053121
2022-09-20 13:12:08,EMPATHY,https://www.linkedin.com/feed/update/urn%3Ali%3Aactivity%3A6977806217544900608
2022-09-04 00:09:42,EMPATHY,https://www.linkedin.com/feed/update/urn%3Ali%3AugcPost%3A6967896371303481344
2022-09-03 16:41:19,LIKE,https://www.linkedin.com/feed/update/urn%3Ali%3Aactivity%3A6971592106356142080
2022-09-03 16:40:48,LIKE,https://www.linkedin.com/feed/update/urn%3Ali%3Aactivity%3A6971548805649334272
2022-08-30 10:51:20,LIKE,https://www.linkedin.com/feed/update/urn%3Ali%3Aactivity%3A6969728873877925888
2022-08-30 10:50:59,LIKE,https://www.linkedin.com/feed/update/urn%3Ali%3Aactivity%3A6968834871167254528
2022-08-25 12:31:05,APPRECIATION,https://www.linkedin.com/feed/update/urn%3Ali%3Aactivity%3A6965659996298641409
2022-08-25 03:45:44,LIKE,https://www.linkedin.com/feed/update/urn%3Ali%3AugcPost%3A6968224555236560896
2022-08-24 04:23:28,LIKE,https://www.linkedin.com/feed/update/urn%3Ali%3Aactivity%3A6967652764743049216
2022-08-24 04:23:20,LIKE,https://www.linkedin.com/feed/update/urn%3Ali%3AugcPost%3A6967959242355970048
2022-08-22 20:01:57,LIKE,https://www.linkedin.com/feed/update/urn%3Ali%3AugcPost%3A6967556782449696768
2022-08-21 12:43:40,LIKE,https://www.linkedin.com/feed/update/urn%3Ali%3Aactivity%3A6962435333762277376
2022-08-17 03:50:07,EMPATHY,https://www.linkedin.com/feed/update/urn%3Ali%3Aactivity%3A6964909081539022848
2022-08-10 22:28:46,LIKE,https://www.linkedin.com/feed/update/urn%3Ali%3Aactivity%3A6960705368758886400
2022-08-10 22:26:29,LIKE,https://www.linkedin.com/feed/update/urn%3Ali%3Aactivity%3A6959938537639051264
2022-08-10 16:07:47,ENTERTAINMENT,https://www.linkedin.com/feed/update/urn%3Ali%3Aactivity%3A6962100168372486144
2022-07-29 15:50:35,LIKE,https://www.linkedin.com/feed/update/urn%3Ali%3Aactivity%3A6958219018243641344
2022-07-20 21:37:17,LIKE,https://www.linkedin.com/feed/update/urn%3Ali%3AugcPost%3A6954384038786695168
2022-07-14 01:58:41,LIKE,https://www.linkedin.com/feed/update/urn%3Ali%3Aactivity%3A6952270395672576000
2022-07-01 13:42:09,LIKE,https://www.linkedin.com/feed/update/urn%3Ali%3Aactivity%3A6948541167328190464
2022-06-13 18:50:59,LIKE,https://www.linkedin.com/feed/update/urn%3Ali%3AugcPost%3A6941116789661544448
2022-05-31 15:02:24,LIKE,https://www.linkedin.com/feed/update/urn%3Ali%3Aactivity%3A6934128594851950592?commentUrn=urn%3Ali%3Acomment%3A%28activity%3A6934128594851950592%2C6934564362602840064%29
2022-05-31 14:13:56,LIKE,https://www.linkedin.com/feed/update/urn%3Ali%3AugcPost%3A6937098025500565504
2022-05-29 05:28:28,LIKE,https://www.linkedin.com/feed/update/urn%3Ali%3Aactivity%3A6936136388237041664
2022-05-26 15:04:34,EMPATHY,https://www.linkedin.com/feed/update/urn%3Ali%3AugcPost%3A6935558536600952832
2022-05-19 18:41:50,LIKE,https://www.linkedin.com/feed/update/urn%3Ali%3Aactivity%3A6933083820422287360
2022-05-13 19:02:20,LIKE,https://www.linkedin.com/feed/update/urn%3Ali%3AugcPost%3A6930823044663787520
2022-05-12 23:30:16,LIKE,https://www.linkedin.com/feed/update/urn%3Ali%3AugcPost%3A6927732658437304320
2022-05-11 18:36:08,LIKE,https://www.linkedin.com/feed/update/urn%3Ali%3AugcPost%3A6928388031921946625
2022-04-30 13:56:20,LIKE,https://www.linkedin.com/feed/update/urn%3Ali%3Aactivity%3A6923316061958250496
2022-04-27 04:26:53,LIKE,https://www.linkedin.com/feed/update/urn%3Ali%3Aactivity%3A6923316209358663680
2022-04-27 04:26:50,LIKE,https://www.linkedin.com/feed/update/urn%3Ali%3AugcPost%3A6922514813138956288
2022-04-27 04:25:25,LIKE,https://www.linkedin.com/feed/update/urn%3Ali%3AugcPost%3A6922678610013106176
2022-04-07 21:03:35,LIKE,https://www.linkedin.com/feed/update/urn%3Ali%3Aactivity%3A6916937124193677312
2022-04-01 15:28:06,LIKE,https://www.linkedin.com/feed/update/urn%3Ali%3AugcPost%3A6914002742264885248
2022-03-22 10:31:50,LIKE,https://www.linkedin.com/feed/update/urn%3Ali%3AugcPost%3A6907770303796424704
2022-03-22 10:31:44,LIKE,https://www.linkedin.com/feed/update/urn%3Ali%3AugcPost%3A6911004841938931712
2022-03-18 17:07:20,LIKE,https://www.linkedin.com/feed/update/urn%3Ali%3AugcPost%3A6910357924057899008
2022-03-16 02:15:35,LIKE,https://www.linkedin.com/feed/update/urn%3Ali%3Aactivity%3A6905858691715653633
2022-03-15 23:14:07,LIKE,https://www.linkedin.com/feed/update/urn%3Ali%3AugcPost%3A6907385753253597185
2022-03-15 23:13:28,MAYBE,https://www.linkedin.com/feed/update/urn%3Ali%3Aactivity%3A6906687551613100032
2022-03-15 23:13:11,LIKE,https://www.linkedin.com/feed/update/urn%3Ali%3AugcPost%3A6908146004101898240
2022-03-15 23:12:48,LIKE,https://www.linkedin.com/feed/update/urn%3Ali%3AugcPost%3A6905954461051711488
2022-03-11 02:13:49,LIKE,https://www.linkedin.com/feed/update/urn%3Ali%3Aactivity%3A6907201069844471808
2022-02-26 10:21:29,LIKE,https://www.linkedin.com/feed/update/urn%3Ali%3Aactivity%3A6900178442386833410
2022-02-10 02:39:29,LIKE,https://www.linkedin.com/feed/update/urn%3Ali%3Aactivity%3A6895216317926916096
2022-02-10 01:49:49,LIKE,https://www.linkedin.com/feed/update/urn%3Ali%3Aactivity%3A6896889051215929344
2022-02-09 17:20:14,LIKE,https://www.linkedin.com/feed/update/urn%3Ali%3Aactivity%3A6896667009242001408
2022-01-14 11:38:15,LIKE,https://www.linkedin.com/feed/update/urn%3Ali%3AugcPost%3A6884706685835902976
2022-01-04 13:30:17,LIKE,https://www.linkedin.com/feed/update/urn%3Ali%3Aactivity%3A6879828447565271040
2022-01-04 13:29:47,LIKE,https://www.linkedin.com/feed/update/urn%3Ali%3Aactivity%3A6883782810667225088
2021-12-30 03:27:43,LIKE,https://www.linkedin.com/feed/update/urn%3Ali%3Aactivity%3A6880644144667123712
2021-12-01 19:41:27,LIKE,https://www.linkedin.com/feed/update/urn%3Ali%3AugcPost%3A6871505173244588035
2021-12-01 19:40:48,MAYBE,https://www.linkedin.com/feed/update/urn%3Ali%3AugcPost%3A6871810717209673728
2021-12-01 03:16:44,LIKE,https://www.linkedin.com/feed/update/urn%3Ali%3Aactivity%3A6870003719094763520
2021-11-29 20:26:50,LIKE,https://www.linkedin.com/feed/update/urn%3Ali%3AugcPost%3A6869658237281685504
2021-11-25 00:32:36,INTEREST,https://www.linkedin.com/feed/update/urn%3Ali%3Aactivity%3A6868211803663462400
2021-11-25 00:32:28,LIKE,https://www.linkedin.com/feed/update/urn%3Ali%3Aactivity%3A6866176433979494400
2021-11-25 00:31:07,LIKE,https://www.linkedin.com/feed/update/urn%3Ali%3AugcPost%3A6864621730548224000
2021-11-25 00:28:27,LIKE,https://www.linkedin.com/feed/update/urn%3Ali%3Aactivity%3A6866752210252943360
2021-11-25 00:28:10,LIKE,https://www.linkedin.com/feed/update/urn%3Ali%3AugcPost%3A6865260663497875456
2021-11-25 00:20:39,PRAISE,https://www.linkedin.com/feed/update/urn%3Ali%3Aactivity%3A6866199916910391296?commentUrn=urn%3Ali%3Acomment%3A%28activity%3A6866199916910391296%2C6868663598391054336%29
2021-11-25 00:19:37,LIKE,https://www.linkedin.com/feed/update/urn%3Ali%3Aactivity%3A6866199916910391296
2021-11-25 00:19:17,LIKE,https://www.linkedin.com/feed/update/urn%3Ali%3Aactivity%3A6868972721712226304
2021-11-25 00:19:08,PRAISE,https://www.linkedin.com/feed/update/urn%3Ali%3Aactivity%3A6869248913413685248
2021-11-16 15:19:21,LIKE,https://www.linkedin.com/feed/update/urn%3Ali%3Aactivity%3A6863551668898856960
2021-11-16 15:19:10,PRAISE,https://www.linkedin.com/feed/update/urn%3Ali%3Aactivity%3A6864215881950490624
2021-11-15 02:46:09,LIKE,https://www.linkedin.com/feed/update/urn%3Ali%3Aactivity%3A6865782701732040704
2021-11-05 13:47:36,PRAISE,https://www.linkedin.com/feed/update/urn%3Ali%3Aactivity%3A6858797599135268864
2021-10-26 15:42:20,LIKE,https://www.linkedin.com/feed/update/urn%3Ali%3Aactivity%3A6858586277227450368
2021-10-24 02:59:07,LIKE,https://www.linkedin.com/feed/update/urn%3Ali%3Aactivity%3A6856944240392581120
2021-10-19 19:08:37,LIKE,https://www.linkedin.com/feed/update/urn%3Ali%3Aactivity%3A6856302459749486593
2021-10-18 16:26:43,LIKE,https://www.linkedin.com/feed/update/urn%3Ali%3Aactivity%3A6855862415175876608
2021-10-18 16:25:58,PRAISE,https://www.linkedin.com/feed/update/urn%3Ali%3AugcPost%3A6855627719393202176
2021-10-18 13:02:58,LIKE,https://www.linkedin.com/feed/update/urn%3Ali%3Aactivity%3A6854426545671561216
2021-10-14 11:08:01,LIKE,https://www.linkedin.com/feed/update/urn%3Ali%3AugcPost%3A6854143411788779520
2021-10-14 11:05:57,PRAISE,https://www.linkedin.com/feed/update/urn%3Ali%3Aactivity%3A6853489154504876032
2021-10-13 17:17:52,PRAISE,https://www.linkedin.com/feed/update/urn%3Ali%3AugcPost%3A6853738978739392512
2021-10-08 11:13:27,LIKE,https://www.linkedin.com/feed/update/urn%3Ali%3Aactivity%3A6852111986814279680
2021-10-06 12:08:43,LIKE,https://www.linkedin.com/feed/update/urn%3Ali%3Aactivity%3A6851133012545994752
2021-10-05 14:07:24,PRAISE,https://www.linkedin.com/feed/update/urn%3Ali%3Aactivity%3A6849325512528080896
2021-10-04 12:47:10,EMPATHY,https://www.linkedin.com/feed/update/urn%3Ali%3Aactivity%3A6850094000070791168
2021-10-04 12:46:10,LIKE,https://www.linkedin.com/feed/update/urn%3Ali%3Aactivity%3A6850566794097291264
2021-10-04 12:45:58,EMPATHY,https://www.linkedin.com/feed/update/urn%3Ali%3AugcPost%3A6849846010953527296
2021-10-04 12:45:34,PRAISE,https://www.linkedin.com/feed/update/urn%3Ali%3Aactivity%3A6849473197805486080
2021-10-01 19:41:01,LIKE,https://www.linkedin.com/feed/update/urn%3Ali%3Aactivity%3A6849774410430324736
2021-10-01 15:30:29,LIKE,https://www.linkedin.com/feed/update/urn%3Ali%3AugcPost%3A6847134524472627200
2021-10-01 02:38:54,LIKE,https://www.linkedin.com/feed/update/urn%3Ali%3Aactivity%3A6849518849289785344
2021-09-30 16:14:05,PRAISE,https://www.linkedin.com/feed/update/urn%3Ali%3Aactivity%3A6849209673443266561
2021-09-30 16:13:56,LIKE,https://www.linkedin.com/feed/update/urn%3Ali%3AugcPost%3A6849330925050970112
2021-09-30 12:25:46,LIKE,https://www.linkedin.com/feed/update/urn%3Ali%3AugcPost%3A6846923832037564416
2021-09-28 20:34:48,PRAISE,https://www.linkedin.com/feed/update/urn%3Ali%3Aactivity%3A6847243100897734656
2021-09-27 22:15:12,LIKE,https://www.linkedin.com/feed/update/urn%3Ali%3AugcPost%3A6843537538192416768
2021-09-15 11:26:07,INTEREST,https://www.linkedin.com/feed/update/urn%3Ali%3Aactivity%3A6842642599522684928
2021-09-15 11:23:03,LIKE,https://www.linkedin.com/feed/update/urn%3Ali%3Aactivity%3A6841432311339253760
2021-09-15 11:22:55,LIKE,https://www.linkedin.com/feed/update/urn%3Ali%3Aactivity%3A6843532044186791936
2021-09-15 11:22:24,EMPATHY,https://www.linkedin.com/feed/update/urn%3Ali%3Aactivity%3A6840612591845289984
2021-09-06 20:42:05,PRAISE,https://www.linkedin.com/feed/update/urn%3Ali%3Aactivity%3A6840661364378222592
2021-09-06 02:20:33,LIKE,https://www.linkedin.com/feed/update/urn%3Ali%3Aactivity%3A6838601990856167424
2021-09-06 02:20:08,INTEREST,https://www.linkedin.com/feed/update/urn%3Ali%3Aactivity%3A6838325452810051584
2021-09-01 20:04:35,LIKE,https://www.linkedin.com/feed/update/urn%3Ali%3AugcPost%3A6838793399408189440
2021-09-01 20:04:07,LIKE,https://www.linkedin.com/feed/update/urn%3Ali%3Aactivity%3A6838793250833350656
2021-09-01 15:24:01,LIKE,https://www.linkedin.com/feed/update/urn%3Ali%3AugcPost%3A6836737317458341889?commentUrn=urn%3Ali%3Acomment%3A%28ugcPost%3A6836737317458341889%2C6836838304571256832%29
2021-09-01 15:23:46,MAYBE,https://www.linkedin.com/feed/update/urn%3Ali%3AugcPost%3A6836737317458341889
2021-08-30 21:26:14,EMPATHY,https://www.linkedin.com/feed/update/urn%3Ali%3Aactivity%3A6836623767226208256
2021-08-30 21:26:06,LIKE,https://www.linkedin.com/feed/update/urn%3Ali%3Aactivity%3A6836446454148608000
2021-08-30 03:45:02,LIKE,https://www.linkedin.com/feed/update/urn%3Ali%3Aactivity%3A6836722446603702273
2021-08-25 04:59:07,LIKE,https://www.linkedin.com/feed/update/urn%3Ali%3Aactivity%3A6835749344830984192
2021-08-24 21:15:41,LIKE,https://www.linkedin.com/feed/update/urn%3Ali%3Aactivity%3A6834780951181062144
2021-08-24 14:40:43,LIKE,https://www.linkedin.com/feed/update/urn%3Ali%3Aactivity%3A6834369026915934208
2021-08-23 19:49:50,LIKE,https://www.linkedin.com/feed/update/urn%3Ali%3Aactivity%3A6834308233226780672
2021-08-22 15:21:58,LIKE,https://www.linkedin.com/feed/update/urn%3Ali%3Aactivity%3A6834473329936728065
2021-08-18 11:45:38,LIKE,https://www.linkedin.com/feed/update/urn%3Ali%3Aactivity%3A6812066138667700224
2021-08-18 11:28:39,LIKE,https://www.linkedin.com/feed/update/urn%3Ali%3AugcPost%3A6833466157773660161
2021-08-17 03:24:10,PRAISE,https://www.linkedin.com/feed/update/urn%3Ali%3Aactivity%3A6829070089900359680
2021-08-17 03:23:35,LIKE,https://www.linkedin.com/feed/update/urn%3Ali%3Aactivity%3A6829101761777795072
2021-08-03 12:09:37,LIKE,https://www.linkedin.com/feed/update/urn%3Ali%3AugcPost%3A6823971956723920896
2021-08-02 20:41:26,INTEREST,https://www.linkedin.com/feed/update/urn%3Ali%3Aactivity%3A6825684467441631232
2021-08-02 18:05:27,PRAISE,https://www.linkedin.com/feed/update/urn%3Ali%3Aactivity%3A6823611451723399168
2021-07-24 16:42:06,LIKE,https://www.linkedin.com/feed/update/urn%3Ali%3Aactivity%3A6823241912250634240
2021-07-24 01:17:21,EMPATHY,https://www.linkedin.com/feed/update/urn%3Ali%3AugcPost%3A6823639068396670976
2021-07-21 21:08:00,LIKE,https://www.linkedin.com/feed/update/urn%3Ali%3AugcPost%3A6821417645527625728
2021-07-21 21:06:51,INTEREST,https://www.linkedin.com/feed/update/urn%3Ali%3Aactivity%3A6822805564817510400
2021-07-20 23:34:48,LIKE,https://www.linkedin.com/feed/update/urn%3Ali%3AugcPost%3A6823361673705979904
2021-07-20 14:29:29,LIKE,https://www.linkedin.com/feed/update/urn%3Ali%3Aactivity%3A6821977364789006336
2021-07-20 14:25:49,LIKE,https://www.linkedin.com/feed/update/urn%3Ali%3Aactivity%3A6820704957537361920
2021-07-20 14:24:48,LIKE,https://www.linkedin.com/feed/update/urn%3Ali%3AugcPost%3A6821718042800644096
2021-07-20 04:59:35,LIKE,https://www.linkedin.com/feed/update/urn%3Ali%3Aactivity%3A6822701058272432128
2021-07-20 04:59:15,APPRECIATION,https://www.linkedin.com/feed/update/urn%3Ali%3Aactivity%3A6820724958612725760
2021-07-20 04:59:07,LIKE,https://www.linkedin.com/feed/update/urn%3Ali%3AugcPost%3A6820767459675648000
2021-07-20 04:58:30,LIKE,https://www.linkedin.com/feed/update/urn%3Ali%3Aactivity%3A6820462733121720320
2021-07-20 04:58:10,INTEREST,https://www.linkedin.com/feed/update/urn%3Ali%3Aactivity%3A6819255113991946240
2021-07-20 02:30:52,LIKE,https://www.linkedin.com/feed/update/urn%3Ali%3Aactivity%3A6821435543243550720
2021-07-16 15:35:11,EMPATHY,https://www.linkedin.com/feed/update/urn%3Ali%3Aactivity%3A6820745202249035776
2021-07-16 15:32:19,LIKE,https://www.linkedin.com/feed/update/urn%3Ali%3Aactivity%3A6819820893506674688
2021-07-13 19:28:32,LIKE,https://www.linkedin.com/feed/update/urn%3Ali%3Aactivity%3A6820795339956736000
2021-07-12 14:55:34,LIKE,https://www.linkedin.com/feed/update/urn%3Ali%3Aactivity%3A6820209860932718592
2021-07-11 13:53:13,LIKE,https://www.linkedin.com/feed/update/urn%3Ali%3Aactivity%3A6819712992062541824
2021-07-11 13:52:43,LIKE,https://www.linkedin.com/feed/update/urn%3Ali%3AugcPost%3A6819951094345609216
2021-07-10 04:11:14,INTEREST,https://www.linkedin.com/feed/update/urn%3Ali%3Aactivity%3A6816790952708050944
2021-07-07 15:17:51,LIKE,https://www.linkedin.com/feed/update/urn%3Ali%3Aactivity%3A6818208485944172544
2021-07-05 17:07:59,MAYBE,https://www.linkedin.com/feed/update/urn%3Ali%3Aactivity%3A6813946869908148224
2021-07-05 17:07:43,LIKE,https://www.linkedin.com/feed/update/urn%3Ali%3Aactivity%3A6815691311279173632
2021-07-05 15:34:14,LIKE,https://www.linkedin.com/feed/update/urn%3Ali%3Aactivity%3A6817569338917298176
2021-07-02 14:37:14,LIKE,https://www.linkedin.com/feed/update/urn%3Ali%3AugcPost%3A6815276098306260992
2021-07-02 14:37:08,LIKE,https://www.linkedin.com/feed/update/urn%3Ali%3Aactivity%3A6815717794525540352
2021-07-01 04:19:14,LIKE,https://www.linkedin.com/feed/update/urn%3Ali%3Aactivity%3A6816072457955377152
2021-06-30 04:45:06,LIKE,https://www.linkedin.com/feed/update/urn%3Ali%3AugcPost%3A6815524596557602816
2021-06-29 00:34:06,LIKE,https://www.linkedin.com/feed/update/urn%3Ali%3Aactivity%3A6815421577954516992
2021-06-26 19:30:07,LIKE,https://www.linkedin.com/feed/update/urn%3Ali%3Aactivity%3A6813312510943346688
2021-06-26 19:25:18,INTEREST,https://www.linkedin.com/feed/update/urn%3Ali%3Aactivity%3A6814187154843983872
2021-06-26 14:30:20,LIKE,https://www.linkedin.com/feed/update/urn%3Ali%3Aactivity%3A6809982266450747392
2021-06-23 17:53:48,LIKE,https://www.linkedin.com/feed/update/urn%3Ali%3AugcPost%3A6813420519732326400
2021-06-23 17:52:07,LIKE,https://www.linkedin.com/feed/update/urn%3Ali%3Aactivity%3A6812451704940965888
2021-06-20 22:28:10,LIKE,https://www.linkedin.com/feed/update/urn%3Ali%3Aactivity%3A6812062675657400321
2021-06-18 17:24:58,LIKE,https://www.linkedin.com/feed/update/urn%3Ali%3AugcPost%3A6807295242203615232
2021-06-16 15:28:44,LIKE,https://www.linkedin.com/feed/update/urn%3Ali%3AugcPost%3A6808775997303857152
2021-06-16 15:28:00,LIKE,https://www.linkedin.com/feed/update/urn%3Ali%3Aactivity%3A6810199964367622144
2021-06-16 15:26:02,LIKE,https://www.linkedin.com/feed/update/urn%3Ali%3AugcPost%3A6810577766459682816
2021-06-16 15:22:54,LIKE,https://www.linkedin.com/feed/update/urn%3Ali%3AugcPost%3A6810736640202457088
2021-06-15 16:11:19,LIKE,https://www.linkedin.com/feed/update/urn%3Ali%3AugcPost%3A6810208680278151168
2021-06-05 17:29:59,LIKE,https://www.linkedin.com/feed/update/urn%3Ali%3AugcPost%3A6806301963697823744
2021-06-04 18:04:07,LIKE,https://www.linkedin.com/feed/update/urn%3Ali%3AugcPost%3A6805516922311065601
2021-06-04 18:03:15,LIKE,https://www.linkedin.com/feed/update/urn%3Ali%3Aactivity%3A6805510087046684673
2021-05-24 01:28:09,LIKE,https://www.linkedin.com/feed/update/urn%3Ali%3Aactivity%3A6802397836353921024
2021-05-19 14:49:57,LIKE,https://www.linkedin.com/feed/update/urn%3Ali%3AugcPost%3A6796852400738074624
2021-05-19 14:45:46,LIKE,https://www.linkedin.com/feed/update/urn%3Ali%3Aactivity%3A6800052291081666561
2021-05-18 19:22:14,LIKE,https://www.linkedin.com/feed/update/urn%3Ali%3Aactivity%3A6800438669380509696
2021-05-14 21:18:29,INTEREST,https://www.linkedin.com/feed/update/urn%3Ali%3Aactivity%3A6795739806291824641
2021-05-12 12:33:32,LIKE,https://www.linkedin.com/feed/update/urn%3Ali%3Aactivity%3A6796915468289617920
2021-05-06 00:52:12,LIKE,https://www.linkedin.com/feed/update/urn%3Ali%3Aactivity%3A6795832889050324992
2021-04-29 23:28:07,LIKE,https://www.linkedin.com/feed/update/urn%3Ali%3AugcPost%3A6793670651384344576
2021-04-29 04:20:08,LIKE,https://www.linkedin.com/feed/update/urn%3Ali%3AugcPost%3A6792338992818876416
2021-04-29 04:19:19,LIKE,https://www.linkedin.com/feed/update/urn%3Ali%3Aactivity%3A6793262911310581760
2021-04-27 13:09:34,LIKE,https://www.linkedin.com/feed/update/urn%3Ali%3Aactivity%3A6792505111726882816
2021-04-27 13:09:23,LIKE,https://www.linkedin.com/feed/update/urn%3Ali%3Aactivity%3A6789551163873251328
2021-04-27 13:09:07,EMPATHY,https://www.linkedin.com/feed/update/urn%3Ali%3Aactivity%3A6790964997246787584
2021-04-27 03:14:38,LIKE,https://www.linkedin.com/feed/update/urn%3Ali%3AlyndaCourse%3A696863
2021-04-26 19:42:50,LIKE,https://www.linkedin.com/feed/update/urn%3Ali%3Aactivity%3A6792489026105458688
2021-04-24 12:58:09,LIKE,https://www.linkedin.com/feed/update/urn%3Ali%3Aactivity%3A6787401096173363200
2021-04-24 00:36:44,LIKE,https://www.linkedin.com/feed/update/urn%3Ali%3Aactivity%3A6791029057459912704
2021-04-24 00:04:19,LIKE,https://www.linkedin.com/feed/update/urn%3Ali%3Aactivity%3A6791379997530591232
2021-04-22 17:51:16,LIKE,https://www.linkedin.com/feed/update/urn%3Ali%3AugcPost%3A6790730325392683008
2021-04-17 04:33:40,LIKE,https://www.linkedin.com/feed/update/urn%3Ali%3AugcPost%3A6786749845454647296
2021-04-17 04:18:40,LIKE,https://www.linkedin.com/feed/update/urn%3Ali%3Aactivity%3A6784965252325941248
2021-04-16 22:02:36,LIKE,https://www.linkedin.com/feed/update/urn%3Ali%3AugcPost%3A6788935527354650624
2021-04-16 13:28:14,LIKE,https://www.linkedin.com/feed/update/urn%3Ali%3Aactivity%3A6788479114463518720
2021-04-12 15:41:10,LIKE,https://www.linkedin.com/feed/update/urn%3Ali%3AugcPost%3A6786637784032579584
2021-04-12 13:48:07,LIKE,https://www.linkedin.com/feed/update/urn%3Ali%3AugcPost%3A6784941273909485568
2021-04-12 13:45:36,INTEREST,https://www.linkedin.com/feed/update/urn%3Ali%3Aactivity%3A6786986821030068224
2021-04-09 01:10:06,LIKE,https://www.linkedin.com/feed/update/urn%3Ali%3AugcPost%3A6785662043535011840
2021-04-01 15:15:25,INTEREST,https://www.linkedin.com/feed/update/urn%3Ali%3Aactivity%3A6782281166025216000
2021-03-30 22:48:13,LIKE,https://www.linkedin.com/feed/update/urn%3Ali%3Aactivity%3A6782647817367289856
2021-03-30 13:37:45,LIKE,https://www.linkedin.com/feed/update/urn%3Ali%3Aactivity%3A6782491618575425536
2021-03-30 02:49:08,LIKE,https://www.linkedin.com/feed/update/urn%3Ali%3Aactivity%3A6782429277234327553
2021-03-29 17:15:11,LIKE,https://www.linkedin.com/feed/update/urn%3Ali%3AugcPost%3A6782334110066204672
2021-03-29 12:26:20,LIKE,https://www.linkedin.com/feed/update/urn%3Ali%3Aactivity%3A6778311412595904512
2021-03-29 12:24:53,PRAISE,https://www.linkedin.com/feed/update/urn%3Ali%3Aactivity%3A6781215257227513856
2021-03-29 12:24:12,LIKE,https://www.linkedin.com/feed/update/urn%3Ali%3Aactivity%3A6780213336962330624
2021-03-29 12:24:02,LIKE,https://www.linkedin.com/feed/update/urn%3Ali%3Aactivity%3A6778720996837908480
2021-03-26 14:39:34,PRAISE,https://www.linkedin.com/feed/update/urn%3Ali%3Aactivity%3A6781216438918139904
2021-03-24 22:42:17,LIKE,https://www.linkedin.com/feed/update/urn%3Ali%3AugcPost%3A6780617062063730688
2021-03-21 19:09:41,LIKE,https://www.linkedin.com/feed/update/urn%3Ali%3Aactivity%3A6774701581515407360
2021-03-21 19:03:01,LIKE,https://www.linkedin.com/feed/update/urn%3Ali%3AugcPost%3A6779266197369221120
2021-03-20 02:22:02,LIKE,https://www.linkedin.com/feed/update/urn%3Ali%3Aactivity%3A6778532711372988416
2021-03-16 18:55:10,EMPATHY,https://www.linkedin.com/feed/update/urn%3Ali%3AugcPost%3A6776549394708779008
2021-03-16 03:28:00,EMPATHY,https://www.linkedin.com/feed/update/urn%3Ali%3Aactivity%3A6775789201674817536
2021-03-16 03:27:15,EMPATHY,https://www.linkedin.com/feed/update/urn%3Ali%3AugcPost%3A6773010769190768640
2021-03-15 18:08:22,PRAISE,https://www.linkedin.com/feed/update/urn%3Ali%3Aactivity%3A6775855430464782336
2021-03-15 15:34:46,LIKE,https://www.linkedin.com/feed/update/urn%3Ali%3Aactivity%3A6775203298862477312
2021-03-14 16:51:54,LIKE,https://www.linkedin.com/feed/update/urn%3Ali%3AugcPost%3A6776897643462369280
2021-03-11 23:04:32,PRAISE,https://www.linkedin.com/feed/update/urn%3Ali%3Aactivity%3A6775717558386593792
2021-03-11 22:48:24,PRAISE,https://www.linkedin.com/feed/update/urn%3Ali%3Aactivity%3A6775867349078740993
2021-03-11 21:12:48,PRAISE,https://www.linkedin.com/feed/update/urn%3Ali%3Aactivity%3A6775571895447384064
2021-03-11 16:24:03,PRAISE,https://www.linkedin.com/feed/update/urn%3Ali%3Aactivity%3A6775723363273986048
2021-03-09 21:17:38,APPRECIATION,https://www.linkedin.com/feed/update/urn%3Ali%3Aactivity%3A6773236862015348736
2021-03-09 21:15:35,APPRECIATION,https://www.linkedin.com/feed/update/urn%3Ali%3Aactivity%3A6774683645044113408
2021-03-08 08:30:41,LIKE,https://www.linkedin.com/feed/update/urn%3Ali%3AugcPost%3A6773396269156089856
2021-03-08 08:29:49,LIKE,https://www.linkedin.com/feed/update/urn%3Ali%3Aactivity%3A6772946077525114880
2021-03-08 08:29:39,LIKE,https://www.linkedin.com/feed/update/urn%3Ali%3AugcPost%3A6774105947741708288
2021-02-25 03:29:12,INTEREST,https://www.linkedin.com/feed/update/urn%3Ali%3Aactivity%3A6767227159749754880
2021-02-25 03:26:17,EMPATHY,https://www.linkedin.com/feed/update/urn%3Ali%3Aactivity%3A6768315529687011328
2021-02-25 03:26:09,EMPATHY,https://www.linkedin.com/feed/update/urn%3Ali%3Aactivity%3A6768495787920961536
2021-02-24 23:08:51,MAYBE,https://www.linkedin.com/feed/update/urn%3Ali%3AugcPost%3A6769996530305900544
2021-02-24 23:05:53,LIKE,https://www.linkedin.com/feed/update/urn%3Ali%3Aactivity%3A6767467111267872768
2021-02-24 23:05:01,LIKE,https://www.linkedin.com/feed/update/urn%3Ali%3AugcPost%3A6770264709187928064
2021-02-24 22:07:10,PRAISE,https://www.linkedin.com/feed/update/urn%3Ali%3Aactivity%3A6770265977662902272
2021-02-22 22:00:06,LIKE,https://www.linkedin.com/feed/update/urn%3Ali%3Aactivity%3A6766193475303034880?commentUrn=urn%3Ali%3Acomment%3A%28activity%3A6766193475303034880%2C6769729708365033472%29
2021-02-13 16:53:19,LIKE,https://www.linkedin.com/feed/update/urn%3Ali%3Aactivity%3A6765647394710401024
2021-02-13 16:53:11,LIKE,https://www.linkedin.com/feed/update/urn%3Ali%3Aactivity%3A6765456257789784064
2021-02-13 16:50:09,LIKE,https://www.linkedin.com/feed/update/urn%3Ali%3AugcPost%3A6763546340111745024
2021-02-01 22:59:12,LIKE,https://www.linkedin.com/feed/update/urn%3Ali%3AugcPost%3A6757595960546758656
2021-01-31 23:26:39,EMPATHY,https://www.linkedin.com/feed/update/urn%3Ali%3AugcPost%3A6761695019377156096
2021-01-31 23:22:55,LIKE,https://www.linkedin.com/feed/update/urn%3Ali%3AugcPost%3A6761733271786258432
2021-01-23 04:26:07,LIKE,https://www.linkedin.com/feed/update/urn%3Ali%3Aactivity%3A6757064065207590912
2021-01-23 04:24:01,LIKE,https://www.linkedin.com/feed/update/urn%3Ali%3AugcPost%3A6755828413619163136
2021-01-17 18:40:42,LIKE,https://www.linkedin.com/feed/update/urn%3Ali%3Aactivity%3A6752101203842273280
2021-01-17 18:40:12,LIKE,https://www.linkedin.com/feed/update/urn%3Ali%3AugcPost%3A6756290496852713472
2021-01-17 18:38:45,LIKE,https://www.linkedin.com/feed/update/urn%3Ali%3AugcPost%3A6756291237814300672
2021-01-16 19:06:41,PRAISE,https://www.linkedin.com/feed/update/urn%3Ali%3Aactivity%3A6752777033241231360
2021-01-08 13:09:03,PRAISE,https://www.linkedin.com/feed/update/urn%3Ali%3AugcPost%3A6753295782268452865
2021-01-08 09:42:19,LIKE,https://www.linkedin.com/feed/update/urn%3Ali%3AugcPost%3A6750328566791053312
2021-01-08 09:41:16,PRAISE,https://www.linkedin.com/feed/update/urn%3Ali%3Aactivity%3A6751745239284875264
2021-01-06 21:36:40,LIKE,https://www.linkedin.com/feed/update/urn%3Ali%3AugcPost%3A6751139522555191296
2021-01-03 19:43:24,EMPATHY,https://www.linkedin.com/feed/update/urn%3Ali%3Aactivity%3A6749801990299246592
2021-01-01 14:18:20,LIKE,https://www.linkedin.com/feed/update/urn%3Ali%3AugcPost%3A6749791364726235136
2021-01-01 00:44:28,PRAISE,https://www.linkedin.com/feed/update/urn%3Ali%3Aactivity%3A6750051120405594112
2020-12-31 23:29:05,LIKE,https://www.linkedin.com/feed/update/urn%3Ali%3Aactivity%3A6747543694435508224
2020-12-30 04:56:52,PRAISE,https://www.linkedin.com/feed/update/urn%3Ali%3Aactivity%3A6746201874753499136
2020-12-22 14:28:41,LIKE,https://www.linkedin.com/feed/update/urn%3Ali%3AugcPost%3A6744995217428021248
2020-12-19 19:24:38,LIKE,https://www.linkedin.com/feed/update/urn%3Ali%3AugcPost%3A6743190456244555776
2020-12-18 22:19:54,LIKE,https://www.linkedin.com/feed/update/urn%3Ali%3Aactivity%3A6745173039555588102
2020-12-18 12:49:24,LIKE,https://www.linkedin.com/feed/update/urn%3Ali%3Aactivity%3A6745677266312839169
2020-12-17 18:51:22,MAYBE,https://www.linkedin.com/feed/update/urn%3Ali%3Aactivity%3A6745269036113895424
2020-12-15 13:18:54,LIKE,https://www.linkedin.com/feed/update/urn%3Ali%3Aactivity%3A6744239487393640448
2020-12-08 02:28:01,LIKE,https://www.linkedin.com/feed/update/urn%3Ali%3Aactivity%3A6737069092986986496
2020-12-04 16:02:17,MAYBE,https://www.linkedin.com/feed/update/urn%3Ali%3AugcPost%3A6739638896373587968
2020-12-03 23:40:12,LIKE,https://www.linkedin.com/feed/update/urn%3Ali%3Aactivity%3A6740364369529577472
2020-12-03 20:19:19,LIKE,https://www.linkedin.com/feed/update/urn%3Ali%3AugcPost%3A6736992758336172032
2020-12-02 13:04:21,LIKE,https://www.linkedin.com/feed/update/urn%3Ali%3Aactivity%3A6737820096426864640
2020-12-02 13:04:03,MAYBE,https://www.linkedin.com/feed/update/urn%3Ali%3Aactivity%3A6739852375747514368
2020-11-30 12:52:28,LIKE,https://www.linkedin.com/feed/update/urn%3Ali%3Aactivity%3A6738600192347664384
2020-11-30 02:37:21,LIKE,https://www.linkedin.com/feed/update/urn%3Ali%3Aactivity%3A6738428159890481152
2020-11-26 20:52:48,LIKE,https://www.linkedin.com/feed/update/urn%3Ali%3Aactivity%3A6736335819474386944
2020-11-26 17:05:43,LIKE,https://www.linkedin.com/feed/update/urn%3Ali%3Aactivity%3A6737012621020585984
2020-11-26 17:03:46,LIKE,https://www.linkedin.com/feed/update/urn%3Ali%3Aactivity%3A6737537483719933952
2020-11-24 01:35:52,LIKE,https://www.linkedin.com/feed/update/urn%3Ali%3Aactivity%3A6736788026661457920
2020-11-21 21:27:43,LIKE,https://www.linkedin.com/feed/update/urn%3Ali%3AugcPost%3A6735982402587385856
2020-11-20 23:02:55,EMPATHY,https://www.linkedin.com/feed/update/urn%3Ali%3Aactivity%3A6731653523471265792
2020-11-20 23:02:40,LIKE,https://www.linkedin.com/feed/update/urn%3Ali%3Aactivity%3A6734858153424429056
2020-11-20 23:02:28,LIKE,https://www.linkedin.com/feed/update/urn%3Ali%3Aactivity%3A6734879488011841536
2020-11-17 23:28:23,LIKE,https://www.linkedin.com/feed/update/urn%3Ali%3Aactivity%3A6734571113382232064
2020-11-17 22:20:49,LIKE,https://www.linkedin.com/feed/update/urn%3Ali%3Aactivity%3A6734514688035475456
2020-11-17 01:38:33,LIKE,https://www.linkedin.com/feed/update/urn%3Ali%3Aactivity%3A6732095457394266112
2020-11-16 22:44:27,LIKE,https://www.linkedin.com/feed/update/urn%3Ali%3Aactivity%3A6732864790034706435
2020-11-16 22:44:22,LIKE,https://www.linkedin.com/feed/update/urn%3Ali%3Aactivity%3A6734146018448945153
2020-11-13 12:46:08,LIKE,https://www.linkedin.com/feed/update/urn%3Ali%3Aactivity%3A6732837045150085120
2020-11-12 04:11:09,LIKE,https://www.linkedin.com/feed/update/urn%3Ali%3Aactivity%3A6727779118550675459
2020-11-11 21:38:17,LIKE,https://www.linkedin.com/feed/update/urn%3Ali%3Aactivity%3A6732291974210084864
2020-11-10 12:55:43,PRAISE,https://www.linkedin.com/feed/update/urn%3Ali%3Aactivity%3A6730842015958990848
2020-11-10 12:54:59,PRAISE,https://www.linkedin.com/feed/update/urn%3Ali%3Aactivity%3A6729530294774460416
2020-11-10 12:54:50,LIKE,https://www.linkedin.com/feed/update/urn%3Ali%3Aactivity%3A6730972357713911808
2020-11-10 00:48:14,LIKE,https://www.linkedin.com/feed/update/urn%3Ali%3Aactivity%3A6727301668742025216
2020-11-08 13:28:40,EMPATHY,https://www.linkedin.com/feed/update/urn%3Ali%3Aactivity%3A6730105761000669184
2020-11-07 01:14:30,LIKE,https://www.linkedin.com/feed/update/urn%3Ali%3Aactivity%3A6726252018287091712
2020-11-06 15:46:41,LIKE,https://www.linkedin.com/feed/update/urn%3Ali%3Aactivity%3A6730503798818779137
2020-11-05 20:14:43,PRAISE,https://www.linkedin.com/feed/update/urn%3Ali%3Aactivity%3A6728774497152860160
2020-11-02 04:09:07,LIKE,https://www.linkedin.com/feed/update/urn%3Ali%3Aactivity%3A6727054242336534528
2020-10-29 13:50:35,LIKE,https://www.linkedin.com/feed/update/urn%3Ali%3AugcPost%3A6724083653376266240
2020-10-29 13:48:36,PRAISE,https://www.linkedin.com/feed/update/urn%3Ali%3Aactivity%3A6722670958273974272
2020-10-29 13:45:57,LIKE,https://www.linkedin.com/feed/update/urn%3Ali%3Aactivity%3A6724516830439968768
2020-10-29 03:20:57,LIKE,https://www.linkedin.com/feed/update/urn%3Ali%3AugcPost%3A6727291057966497792
2020-10-29 00:24:08,LIKE,https://www.linkedin.com/feed/update/urn%3Ali%3Aactivity%3A6727352428158558208
2020-10-25 17:58:44,LIKE,https://www.linkedin.com/feed/update/urn%3Ali%3Aactivity%3A6726086569402470400
2020-10-24 22:19:03,LIKE,https://www.linkedin.com/feed/update/urn%3Ali%3Aactivity%3A6725585780477186048
2020-10-23 02:23:32,MAYBE,https://www.linkedin.com/feed/update/urn%3Ali%3AugcPost%3A6723676033721081856
2020-10-22 22:00:24,PRAISE,https://www.linkedin.com/feed/update/urn%3Ali%3Aactivity%3A6720148283722870784
2020-10-20 12:26:51,LIKE,https://www.linkedin.com/feed/update/urn%3Ali%3Aactivity%3A6722145322652585984
2020-10-20 00:39:09,LIKE,https://www.linkedin.com/feed/update/urn%3Ali%3Aactivity%3A6724072118046273536
2020-10-18 00:34:30,LIKE,https://www.linkedin.com/feed/update/urn%3Ali%3Aactivity%3A6719254476315852800
2020-10-09 03:41:48,LIKE,https://www.linkedin.com/feed/update/urn%3Ali%3Aactivity%3A6720160830442369024
2020-10-08 23:24:55,LIKE,https://www.linkedin.com/feed/update/urn%3Ali%3Aactivity%3A6719969693437870080
2020-10-08 14:48:15,LIKE,https://www.linkedin.com/feed/update/urn%3Ali%3Aactivity%3A6716032625552842752
2020-10-07 12:48:01,LIKE,https://www.linkedin.com/feed/update/urn%3Ali%3AugcPost%3A6719363951559274497
2020-10-05 22:25:50,LIKE,https://www.linkedin.com/feed/update/urn%3Ali%3Aactivity%3A6718718312999727104
2020-10-05 22:20:20,LIKE,https://www.linkedin.com/feed/update/urn%3Ali%3Aactivity%3A6718718521532149760
2020-10-05 22:19:19,LIKE,https://www.linkedin.com/feed/update/urn%3Ali%3AugcPost%3A6717097594960564224
2020-10-03 23:46:05,LIKE,https://www.linkedin.com/feed/update/urn%3Ali%3AugcPost%3A6715394897286881280
2020-10-03 20:03:59,LIKE,https://www.linkedin.com/feed/update/urn%3Ali%3AugcPost%3A6718240944832946176
2020-09-29 22:09:57,LIKE,https://www.linkedin.com/feed/update/urn%3Ali%3Aactivity%3A6716827819583832064
2020-09-28 01:22:05,LIKE,https://www.linkedin.com/feed/update/urn%3Ali%3Aactivity%3A6711983455548276736
2020-09-26 16:19:14,LIKE,https://www.linkedin.com/feed/update/urn%3Ali%3Aactivity%3A6715271062893998080
2020-09-18 14:09:53,LIKE,https://www.linkedin.com/feed/update/urn%3Ali%3Aactivity%3A6710014705752141824
2020-09-18 13:49:32,LIKE,https://www.linkedin.com/feed/update/urn%3Ali%3AugcPost%3A6711774173892526080
2020-09-15 21:39:12,LIKE,https://www.linkedin.com/feed/update/urn%3Ali%3Aactivity%3A6710737946594557952
2020-09-10 02:57:09,LIKE,https://www.linkedin.com/feed/update/urn%3Ali%3AugcPost%3A6707183625894457344
2020-08-29 16:49:04,LIKE,https://www.linkedin.com/feed/update/urn%3Ali%3AugcPost%3A6701246657369010176
2020-08-29 16:47:01,LIKE,https://www.linkedin.com/feed/update/urn%3Ali%3Aactivity%3A6705513384915324928
2020-08-21 16:19:30,LIKE,https://www.linkedin.com/feed/update/urn%3Ali%3Aactivity%3A6700906373699502080
2020-07-10 04:38:05,LIKE,https://www.linkedin.com/feed/update/urn%3Ali%3Aactivity%3A6683744077386665984
2020-07-10 04:36:32,LIKE,https://www.linkedin.com/feed/update/urn%3Ali%3AugcPost%3A6684883178919931904
2020-07-10 04:36:12,LIKE,https://www.linkedin.com/feed/update/urn%3Ali%3Aactivity%3A6684184508935270400
2020-07-10 04:35:21,LIKE,https://www.linkedin.com/feed/update/urn%3Ali%3Aactivity%3A6686604499420766208
2020-07-10 04:34:16,LIKE,https://www.linkedin.com/feed/update/urn%3Ali%3Aactivity%3A6683200936564797443
2020-06-25 14:03:06,INTEREST,https://www.linkedin.com/feed/update/urn%3Ali%3Aactivity%3A6680213191550668800
2020-06-25 14:02:45,LIKE,https://www.linkedin.com/feed/update/urn%3Ali%3Aactivity%3A6681393045469978624
2020-06-25 14:02:33,LIKE,https://www.linkedin.com/feed/update/urn%3Ali%3Aactivity%3A6673707426539282432?commentUrn=urn%3Ali%3Acomment%3A%28activity%3A6673707426539282432%2C6681632586969829376%29
2020-06-23 00:16:35,LIKE,https://www.linkedin.com/feed/update/urn%3Ali%3Aactivity%3A6680979861034688512
2020-06-15 05:07:21,LIKE,https://www.linkedin.com/feed/update/urn%3Ali%3Aactivity%3A6673707426539282432?commentUrn=urn%3Ali%3Acomment%3A%28activity%3A6673707426539282432%2C6678147923689177088%29
2020-06-09 03:25:36,LIKE,https://www.linkedin.com/feed/update/urn%3Ali%3Aactivity%3A6673707426539282432?commentUrn=urn%3Ali%3Acomment%3A%28activity%3A6673707426539282432%2C6675945716512296960%29
2020-06-09 03:25:34,LIKE,https://www.linkedin.com/feed/update/urn%3Ali%3Aactivity%3A6673707426539282432?commentUrn=urn%3Ali%3Acomment%3A%28activity%3A6673707426539282432%2C6674327852059553793%29
2020-06-09 03:25:33,LIKE,https://www.linkedin.com/feed/update/urn%3Ali%3Aactivity%3A6673707426539282432?commentUrn=urn%3Ali%3Acomment%3A%28activity%3A6673707426539282432%2C6674768962263236608%29
2020-06-05 13:52:27,PRAISE,https://www.linkedin.com/feed/update/urn%3Ali%3AugcPost%3A6674383546343280641
2020-06-04 18:36:38,LIKE,https://www.linkedin.com/feed/update/urn%3Ali%3Aactivity%3A6674368982860017664
2020-06-04 18:00:59,PRAISE,https://www.linkedin.com/feed/update/urn%3Ali%3Aactivity%3A6674360892005642240
2020-06-04 15:17:49,LIKE,https://www.linkedin.com/feed/update/urn%3Ali%3Aactivity%3A6673707426539282432?commentUrn=urn%3Ali%3Acomment%3A%28activity%3A6673707426539282432%2C6674117432266813440%29
2020-06-03 04:42:30,LIKE,https://www.linkedin.com/feed/update/urn%3Ali%3Aactivity%3A6673707426539282432?commentUrn=urn%3Ali%3Acomment%3A%28activity%3A6673707426539282432%2C6673714367441211392%29
2020-04-01 19:01:49,PRAISE,https://www.linkedin.com/feed/update/urn%3Ali%3Aactivity%3A6648345253709402112
2019-03-07 11:08:43,LIKE,https://www.linkedin.com/feed/update/urn%3Ali%3Aactivity%3A6507460682429014016
2019-02-26 20:58:39,LIKE,https://www.linkedin.com/feed/update/urn%3Ali%3AugcPost%3A6504700967173312512
2019-01-25 10:40:49,LIKE,https://www.linkedin.com/feed/update/urn%3Ali%3Aactivity%3A6494269639751712768
2018-12-28 13:30:06,LIKE,https://www.linkedin.com/feed/update/urn%3Ali%3Aactivity%3A6481644095386243072
2018-12-18 23:08:16,LIKE,https://www.linkedin.com/feed/update/urn%3Ali%3Aactivity%3A6479088283837091840
2018-11-27 11:07:01,LIKE,https://www.linkedin.com/feed/update/urn%3Ali%3AugcPost%3A6472547024532234240
2018-11-23 13:23:05,LIKE,https://www.linkedin.com/feed/update/urn%3Ali%3Aactivity%3A6471340843990085632
2018-11-20 05:24:53,LIKE,https://www.linkedin.com/feed/update/urn%3Ali%3Aactivity%3A6466126487371210753
2018-11-20 05:24:50,LIKE,https://www.linkedin.com/feed/update/urn%3Ali%3Aactivity%3A6468866130906738689
2017-09-22 13:08:37,LIKE,https://www.linkedin.com/feed/update/urn%3Ali%3Aactivity%3A6316840480818728960
2017-08-23 00:50:38,LIKE,https://www.linkedin.com/feed/update/urn%3Ali%3Aactivity%3A6304704640374104064
2016-02-14 05:13:49,LIKE,https://www.linkedin.com/feed/update/urn%3Ali%3Aactivity%3A6103590199076352000
