Date/Time,Media Description,Media Link
"You uploaded a feed photo on October 8, 2025 at 1:42 AM (GMT)", -,https://media.licdn.com/dms/image/v2/D4E22AQFmM_rYYvmwkQ/feedshare-shrink_1280/B4EZnBe4mMIwAw-/0/1759887723159?e=1789603200&v=beta&t=PRLKKqCvRnIxZyh588Yv1mH0BsKouKI6m_VqAga6SxQ
"You uploaded a feed photo on September 18, 2025 at 4:20 PM (GMT)", -,https://media.licdn.com/dms/image/v2/D4E22AQGU_LlSGRw7HA/feedshare-shrink_800/B4EZldoPcDIUAk-/0/1758212454439?e=1789603200&v=beta&t=pxvEUh9vCT-20CKoOE0n-M3fDQF2jss3xKmQ6rPf7Vc
"You uploaded a feed photo on February 13, 2025 at 1:16 AM (GMT)", -,https://media.licdn.com/dms/image/v2/D4E22AQEF5Hn49yo6iA/feedshare-shrink_800/B4EZT84RUUHUAg-/0/1739409397305?e=1789603200&v=beta&t=SDlcdDHp0QHDubO6wejYf4laZHdxPHtzVwZAkK_vrHA
"You uploaded a feed photo on February 13, 2025 at 12:58 AM (GMT)", -,https://media.licdn.com/dms/image/v2/D4E22AQFafhfqWROmIw/feedshare-image-high-res/B4EZT80G.LGgA0-/0/1739408306354?e=1789603200&v=beta&t=pEzaE_JwbIB6n5kY73bSjNNTnddrT964cuUFloPYYvA
"You uploaded a feed photo on February 11, 2025 at 11:02 PM (GMT)", -,https://media.licdn.com/dms/image/v2/D5622AQFag12M7TEq1g/feedshare-shrink_160/B56ZT3P4NPHQAc-/0/1739314922565?e=1789603200&v=beta&t=uNWnne0YeP1Xfur93ToqQTyGTMjkmK8WDUv2PYOA4fo
"You uploaded a feed photo on August 1, 2023 at 4:10 PM (GMT)", -,https://media.licdn.com/dms/image/v2/D4E22AQHZ-De0iN-KAA/feedshare-shrink_800/feedshare-shrink_800/0/1690906242355?e=1789603200&v=beta&t=_7bBvtZ-rOaO-F7Q_lQe60CAqTL84j_LcAu1wsV0NhI
"You uploaded a feed photo on July 28, 2023 at 7:46 PM (GMT)", -,https://media.licdn.com/dms/image/v2/D4E22AQHcpfmmVUJBwA/feedshare-shrink_800/feedshare-shrink_800/0/1690573587839?e=1789603200&v=beta&t=DlFqcHfQV-mz5wPIGm7OCgPDb1upIwk5nIn196Up_Jc
"You uploaded a feed document on September 21, 2022 at 4:26 PM (GMT)", -,https://media.licdn.com/dms/document/media/v2/D4E1FAQE6kGL14aszqg/feedshare-document-url-metadata-scrapper-pdf/feedshare-document-url-metadata-scrapper-pdf/0/1663777604034?e=1788375600&v=beta&t=IUr-PqjJJs4ShiT6gn0X3v5mrjO4aDnKO_8YiwJVeS8
"You uploaded a feed photo on May 19, 2022 at 2:40 PM (GMT)", -,https://media.licdn.com/dms/image/v2/C5622AQH4iuv4aGdpBg/feedshare-shrink_800/feedshare-shrink_800/0/1652971247296?e=1789603200&v=beta&t=6mhvwQrpaq-HV5nVlzOfGTtmU9BcJdmtiXqck1x6pMo
"You uploaded a feed photo on January 28, 2022 at 7:36 PM (GMT)", -,https://media.licdn.com/dms/image/v2/C4D22AQG-sMUO7PiLag/feedshare-shrink_800/feedshare-shrink_800/0/1643398601600?e=1789603200&v=beta&t=k4y_BW4GfsP-4sgd1941DJK8lIcxI3XhAqU1tiTJzqc
"You uploaded a feed document on April 28, 2021 at 6:00 PM (GMT)", -,https://media.licdn.com/dms/document/media/v2/C4E1FAQHEOBNblyXHJw/feedshare-document-url-metadata-scrapper-pdf/feedshare-document-url-metadata-scrapper-pdf/0/1619632808559?e=1788375600&v=beta&t=Am5Te6m8Kx3L6YFPfYq1M_jYbi7mvBSGJ5UVCmsfyeU
"You uploaded a feed document on April 16, 2021 at 3:07 PM (GMT)", -,https://media.licdn.com/dms/document/media/v2/C4E1FAQESj8akdIf4yA/feedshare-document-url-metadata-scrapper-pdf/feedshare-document-url-metadata-scrapper-pdf/0/1618585640275?e=1788375600&v=beta&t=UkMx11uNaHS9yC-DOLmXkmoCES0jOY6GcbhuCpsLXVQ
"You uploaded a feed document on April 16, 2021 at 3:06 PM (GMT)", -,https://media.licdn.com/dms/document/media/v2/C4E1FAQGwt2_Z4-f3xw/feedshare-document-url-metadata-scrapper-pdf/feedshare-document-url-metadata-scrapper-pdf/0/1618585613575?e=1788375600&v=beta&t=NEuDqSVW4Q0qsZ8x2Q7vBUSylL2gdL_3tR624UPUlVM
"You uploaded a feed document on April 15, 2021 at 4:43 AM (GMT)", -,https://media.licdn.com/dms/document/media/v2/C4E1FAQFVv4GZZFINww/feedshare-document-url-metadata-scrapper-pdf/feedshare-document-url-metadata-scrapper-pdf/0/1618461799899?e=1788375600&v=beta&t=IEkxdMRX1EmdoHOwalqems2VQ1QYxXLfV10WcaI4jFk
"You uploaded a feed photo on November 5, 2020 at 12:14 AM (GMT)", -,https://media.licdn.com/dms/image/v2/C4E22AQGB1oSThGy9MA/feedshare-shrink_800/feedshare-shrink_800/0/1604535294689?e=1789603200&v=beta&t=Qa_WyARZJ9NTtGatUnjYCCas6agxCSEd66xeHDnbWu0
"You uploaded a video on September 29, 2020 at 5:01 PM (GMT)", -,https://dms.licdn.com/playlist/vid/dynamic/C5605AQHYzYjD8a6tXw/CeJzLyCnWNTYzKNA1Nkgr0E0uSjOy0MkAiplYYIqZmmCKmRuhiAEAqe0XXA?e=1788375600&v=beta&t=3dY-iZFTT3jZxZQVMTYrQMlGfsdfgMI8pcwD5rbZOH8
"You uploaded a feed photo on September 22, 2020 at 3:35 PM (GMT)", -,https://media.licdn.com/dms/image/v2/C5622AQE2_zibH5eiUw/feedshare-shrink_800/feedshare-shrink_800/0/1600788936866?e=1789603200&v=beta&t=VJrf2WH7DUcMPn9URQGgB5dN2NUr-xWJjwE1sSCx9Ik
"You uploaded a feed photo on September 22, 2020 at 3:35 PM (GMT)", -,https://media.licdn.com/dms/image/v2/C5622AQHXJBDgsLrXDg/feedshare-shrink_800/feedshare-shrink_800/0/1600788936549?e=1789603200&v=beta&t=hA8Z3h6de_-WYjE9JUKHLEu0BCaacvvYHRR-LTi4qCA
"You uploaded a feed photo on September 22, 2020 at 3:27 PM (GMT)", -,https://media.licdn.com/dms/image/v2/C5622AQEwe43B3RrsZA/feedshare-shrink_800/feedshare-shrink_800/0/1600788465604?e=1789603200&v=beta&t=WGyi1zS6CyfMiXXzCnXaQ-T8FDgOyquytO_O4xQEMto
"You uploaded a feed photo on September 22, 2020 at 3:27 PM (GMT)", -,https://media.licdn.com/dms/image/v2/C5622AQHa5Bu0TWbl-Q/feedshare-shrink_800/feedshare-shrink_800/0/1600788448005?e=1789603200&v=beta&t=FQ8D9d-Wk5gDyA3G7J99F_B4aSyFLCR75SLLL2RNM7A
"You uploaded a feed photo on September 22, 2020 at 3:23 PM (GMT)", -,https://media.licdn.com/dms/image/v2/C5622AQFC2SBTei_SOw/feedshare-shrink_800/feedshare-shrink_800/0/1600788202064?e=1789603200&v=beta&t=XtneOIZLJQUJNJW9uTn6gNDY7IkXcIn5KuWyswbV4TA
"You uploaded a feed document on September 22, 2020 at 2:57 PM (GMT)", -,https://media.licdn.com/dms/document/media/v2/C561FAQEiL1QlqTi-HQ/feedshare-document-pdf-analyzed/feedshare-document-pdf-analyzed/0/1600786650036?e=1788375600&v=beta&t=Iis1FWxcLPjuG1TqebjXH1v2F87-aBeIQkOIgb5G7kI
"You uploaded a feed photo on July 2, 2020 at 1:22 AM (GMT)", -,https://media.licdn.com/dms/image/v2/C5622AQEvUWOXEHrYCw/feedshare-shrink_800/feedshare-shrink_800/0/1593652967688?e=1789603200&v=beta&t=KjwB7KMa8xtVD7A86g-uKTQvcYdCuMMhLOLyY3YXQTI
"You uploaded a profile background photo on June 9, 2020 at 4:12 PM (GMT)", -,https://media.licdn.com/dms/image/v2/C4E16AQHDUsDxktJu7A/profile-displaybackgroundimage-shrink_200_800/profile-displaybackgroundimage-shrink_200_800/0/1591719138786?e=1789603200&v=beta&t=R_QxKjxI7xMYqgc3mJ7yNHp-vdKqAF1baC8QGZwZ-LE
"You uploaded a profile background photo on June 9, 2020 at 4:12 PM (GMT)", -,https://media.licdn.com/dms/image/v2/C4E04AQG8Hv57YVBPUQ/profile-originalbackgroundimage-shrink_396_1584/profile-originalbackgroundimage-shrink_396_1584/0/1591719138539?e=1789603200&v=beta&t=so4rbeoCW4mCJtP6qccmbKVWqrYCKk57q4kmmV_j9VI
