Date,ShareLink,ShareCommentary,SharedUrl,MediaUrl,Visibility
2026-07-16 22:03:42,https://www.linkedin.com/feed/update/urn%3Ali%3AugcPost%3A7483642544527056896,"¡Hola a todos! Estoy buscando un nuevo puesto y agradecería apoyo. Si alguien sabe de alguna oportunidad o simplemente quiere que nos pongamos al día, puede enviarme un mensaje o dejar un comentario. ¡Aquí estoy disponible! #OpenToWork""
""""
""Acerca de mí y lo que busco:""
""💼 Estoy buscando vacantes de Gestor de proyecto y responsable de Scrum, Desarrollador de back-end, Jefe de pruebas de rendimiento, Ingeniero de automatización de aseguramiento de la calidad y Especialista en automatización de pruebas.""
""🌎 Me interesan nuevas oportunidades en Cali Metropolitan Area.""
""⭐ He trabajado en COLSOF S.A.S, Stori y GreenSQA S.A.","","",MEMBER_NETWORK
2026-01-08 19:36:13,https://www.linkedin.com/feed/update/urn%3Ali%3AugcPost%3A7415114122763194368,Just finished the course “C# and .NET Essential Training”! #netframework,"","",MEMBER_NETWORK
2026-01-07 01:47:53,https://www.linkedin.com/feed/update/urn%3Ali%3AugcPost%3A7414482879851909120,Just finished the course “Selenium essential training”!,"","",MEMBER_NETWORK
2026-01-06 21:18:13,https://www.linkedin.com/feed/update/urn%3Ali%3AugcPost%3A7414415017422483456,Just finished the course “.NET 8 Essential Training”! #netframework,"","",MEMBER_NETWORK
2026-01-06 19:53:53,https://www.linkedin.com/feed/update/urn%3Ali%3AugcPost%3A7414393795363934209,Just finished the course “.NET: Secure Development”! #softwaredevelopmentsecurity #netframework,"","",MEMBER_NETWORK
2025-10-21 19:01:30,https://www.linkedin.com/feed/update/urn%3Ali%3Ashare%3A7386476746768035840,Just finished the course “C#: Design Patterns Part 2” by Richard Goforth! Check it out: https://lnkd.in/eBZRwUPk #softwaredesignpatterns #c.,"","",MEMBER_NETWORK
2025-10-15 13:43:40,https://www.linkedin.com/feed/update/urn%3Ali%3AugcPost%3A7384222432439455744,¡Me alegra contaros que he obtenido un nuevo certificado: Kanban Foundation Certification KBFC™ - (Spanish) de CertiProf!,"","",MEMBER_NETWORK
2025-10-08 01:43:01,https://www.linkedin.com/feed/update/urn%3Ali%3Ashare%3A7381504361056636928,¡He acabado el curso «Playwright: Design Patterns»! Échale un vistazo: https://lnkd.in/eksV8Kev #designpatterns #testautomation,"","",MEMBER_NETWORK
2025-09-29 16:40:40,https://www.linkedin.com/feed/update/urn%3Ali%3AugcPost%3A7378468769511153664,¡Me alegra contaros que he obtenido un nuevo certificado: Azure DevOps - Verified by Talently de Talently!,"","",MEMBER_NETWORK
2025-09-25 16:30:01,https://www.linkedin.com/feed/update/urn%3Ali%3AugcPost%3A7377016539985633280,¡Me alegra contaros que he obtenido un nuevo certificado: Frontend Developer (React) de HackerRank!,"","",MEMBER_NETWORK
2025-09-18 16:21:27,https://www.linkedin.com/feed/update/urn%3Ali%3Ashare%3A7374477667259097089,¡He acabado el curso «AI for Software Testers: Apply AI Tools and Techniques to the Software Testing Life Cycle»! Échale un vistazo: https://lnkd.in/eSQhM8ke #softwaretesting,"","",MEMBER_NETWORK
2025-08-26 03:28:29,https://www.linkedin.com/feed/update/urn%3Ali%3AugcPost%3A7365948224878047233,"¡Hola a todos! Estoy buscando un nuevo puesto y agradecería apoyo. Si alguien sabe de alguna oportunidad o simplemente quiere que nos pongamos al día, puede enviarme un mensaje o dejar un comentario. ¡Aquí estoy disponible! #OpenToWork""
""""
""Acerca de mí y lo que busco:""
""💼 Estoy buscando vacantes de Desarrollador de aplicaciones, Gestor de proyecto y responsable de Scrum, Desarrollador de aplicaciones y Ingeniero de automatización de aseguramiento de la calidad.""
""🌎 Me interesan nuevas oportunidades en Bogotá D.C. Metropolitan Area y Bogota, D.C..""
""⭐ He trabajado en COLSOF S.A.S, Stori y GreenSQA S.A.","","",MEMBER_NETWORK
2025-06-21 14:31:31,https://www.linkedin.com/feed/update/urn%3Ali%3Ashare%3A7342197482975555585,"","","",MEMBER_NETWORK
2025-06-10 19:25:23,https://www.linkedin.com/feed/update/urn%3Ali%3AugcPost%3A7338285169604284416,¡Me alegra contaros que he obtenido un nuevo certificado: ISTQB® Certified Tester Foundation Level (CTFL) de Brightest!,"","",MEMBER_NETWORK
2025-06-10 19:25:10,https://www.linkedin.com/feed/update/urn%3Ali%3Ashare%3A7338285117649432576,View my verified achievement from Brightest. #brightest #reachyourpotential #ISTQB,https://www.credly.com/badges/601444af-76d6-4a29-83fd-ca8dbea77b4b/linked_in?t=sxnn9y,"",MEMBER_NETWORK
2025-06-10 19:22:12,https://www.linkedin.com/feed/update/urn%3Ali%3Ashare%3A7338284370669035521,"","","",MEMBER_NETWORK
2024-09-23 18:38:05,https://www.linkedin.com/feed/update/urn%3Ali%3AugcPost%3A7244052420186505216,¡Me alegra contaros que he obtenido un nuevo certificado: Experto en Gestión de Proyectos según PMI de Asturias Corporación Universitaria!,"","",MEMBER_NETWORK
2024-09-23 18:36:58,https://www.linkedin.com/feed/update/urn%3Ali%3Ashare%3A7244052139122003970,View my verified achievement from Corporación Universitaria de Asturias.,https://www.credly.com/badges/512a9861-fd39-42b1-a295-f7ac42fe13df/linked_in?t=ska3pl,"",MEMBER_NETWORK
2024-02-28 17:43:30,https://www.linkedin.com/feed/update/urn%3Ali%3Ashare%3A7168662009964675073,https://lnkd.in/emSWXSu4,"","",MEMBER_NETWORK
2024-01-23 00:00:40,https://www.linkedin.com/feed/update/urn%3Ali%3Ashare%3A7155348574862536704,"","","",MEMBER_NETWORK
2024-01-22 23:39:43,https://www.linkedin.com/feed/update/urn%3Ali%3Ashare%3A7155343302534262784,"","","",MEMBER_NETWORK
2023-10-18 17:06:49,https://www.linkedin.com/feed/update/urn%3Ali%3Ashare%3A7120455192864534528,"","","",MEMBER_NETWORK
2023-10-18 13:00:52,https://www.linkedin.com/feed/update/urn%3Ali%3Ashare%3A7120393295028973568,"",https://torre.ai/s/zfos1Ipvfi,"",MEMBER_NETWORK
2023-10-17 00:58:30,https://www.linkedin.com/feed/update/urn%3Ali%3AugcPost%3A7119849119887581184,"","","",MEMBER_NETWORK
2023-10-17 00:57:12,https://www.linkedin.com/feed/update/urn%3Ali%3Ashare%3A7119848791955886080,"","","",MEMBER_NETWORK
2023-10-13 15:43:53,https://www.linkedin.com/feed/update/urn%3Ali%3AugcPost%3A7118622379550879745,"","","",MEMBER_NETWORK
2023-09-21 02:07:32,https://www.linkedin.com/feed/update/urn%3Ali%3Ashare%3A7110444405496377344,"","","",MEMBER_NETWORK
2023-09-07 01:37:48,https://www.linkedin.com/feed/update/urn%3Ali%3AugcPost%3A7105363493104558080,"","","",MEMBER_NETWORK
2023-09-01 19:58:26,https://www.linkedin.com/feed/update/urn%3Ali%3Ashare%3A7103466149396242433,"En qué etapa del ciclo de vida de desarrollo del software se recomienda llevar a cabo el modelado de amenazas?""
""¡En las etapas de diseño y desarrollo, por supuesto!""
""Es como cuando planificas una excursión: primero tienes que saber a dónde vas, qué quieres ver y qué necesitas para hacerlo.""
""En el desarrollo de software, el diseño es el momento de definir los objetivos del software, los activos que se deben proteger y los posibles atacantes.""
""El modelado de amenazas ayuda a identificar las amenazas potenciales a las que está expuesto el software y a priorizarlas en función de su impacto.""
""Esto permite al equipo de desarrollo tomar medidas para mitigar las amenazas y reducir el riesgo de seguridad.""
""El modelado de amenazas es como un mapa del tesoro para los desarrolladores.""
""Les ayuda a encontrar los puntos débiles del software que podrían ser explotados por un atacante.""
""En la etapa de diseño, el modelado de amenazas ayuda a identificar los posibles puntos débiles del software que podrían ser explotados por un atacante.""
""En la etapa de desarrollo, el modelado de amenazas ayuda a identificar las vulnerabilidades específicas del software que podrían ser explotadas por un atacante.""
""El modelado de amenazas es un proceso continuo que debe realizarse durante todo el ciclo de vida de desarrollo del software.""
""#testlabonline #testlabCDMX Brightest","","",MEMBER_NETWORK
2023-09-01 19:07:58,https://www.linkedin.com/feed/update/urn%3Ali%3Ashare%3A7103453450679504896,"¿Cuál es el principal aporte de los testers en un equipo DevOps?""
""Los testers son los guardianes del software.""
""Su trabajo es asegurarse de que el software sea seguro, confiable y cumpla con las expectativas de los usuarios.""
""En un equipo DevOps, los testers trabajan en estrecha colaboración con los desarrolladores y los ingenieros de operaciones para identificar y corregir defectos antes de que lleguen a los usuarios finales.""
""¿Cómo lo hacen?""
""* Se ponen en la piel del usuario para encontrar los defectos que ellos no verían.""
""* Utilizan herramientas y técnicas avanzadas para automatizar las pruebas y acelerar el proceso de entrega.""
""* Colaboran con los desarrolladores y los ingenieros de operaciones para asegurarse de que los defectos se corrijan rápidamente.""
""Los testers son miembros esenciales de cualquier equipo DevOps.""
""Sin ellos, el software sería un desastre.""
""#testlabonline #testlabCDMX Brightest","","",MEMBER_NETWORK
2023-08-31 12:29:58,https://www.linkedin.com/feed/update/urn%3Ali%3Ashare%3A7102990904176586753,"","","",MEMBER_NETWORK
2023-08-20 21:45:02,https://www.linkedin.com/feed/update/urn%3Ali%3AugcPost%3A7099144324877017088,"","","",MEMBER_NETWORK
2023-08-03 00:29:34,https://www.linkedin.com/feed/update/urn%3Ali%3AugcPost%3A7092662749004005377,"","","",MEMBER_NETWORK
2023-08-01 16:10:43,https://www.linkedin.com/feed/update/urn%3Ali%3AugcPost%3A7092174818971656192,"Andres Diaz #Reconocimientos Lo mejor del trabajo es compartirlo contigo, ¡gracias por #hacereltrabajomásameno!","","",MEMBER_NETWORK
2023-07-31 12:24:45,https://www.linkedin.com/feed/update/urn%3Ali%3AugcPost%3A7091755564090699777,"","","",MEMBER_NETWORK
2023-07-28 19:46:29,https://www.linkedin.com/feed/update/urn%3Ali%3AugcPost%3A7090779566595559425,Andres Diaz #reconocimiento Hiciste un #buentrabajo,"","",MEMBER_NETWORK
2023-07-27 14:57:07,https://www.linkedin.com/feed/update/urn%3Ali%3AugcPost%3A7090344360336060417,"","","",MEMBER_NETWORK
2023-07-25 01:34:34,https://www.linkedin.com/feed/update/urn%3Ali%3AugcPost%3A7089417614015225856,"","","",MEMBER_NETWORK
2023-07-21 18:39:01,https://www.linkedin.com/feed/update/urn%3Ali%3Ashare%3A7088225874969251840,"","","",MEMBER_NETWORK
2023-07-17 23:28:40,https://www.linkedin.com/feed/update/urn%3Ali%3AugcPost%3A7086849217515663360,"","","",MEMBER_NETWORK
2023-07-17 23:26:30,https://www.linkedin.com/feed/update/urn%3Ali%3AugcPost%3A7086848669882142720,"","","",MEMBER_NETWORK
2023-07-17 21:10:38,https://www.linkedin.com/feed/update/urn%3Ali%3AugcPost%3A7086814479052627968,"","","",MEMBER_NETWORK
2023-07-13 13:56:00,https://www.linkedin.com/feed/update/urn%3Ali%3AugcPost%3A7085255550166257664,"","","",MEMBER_NETWORK
2023-07-05 19:40:27,https://www.linkedin.com/feed/update/urn%3Ali%3AugcPost%3A7082443129257095168,"","","",MEMBER_NETWORK
2023-07-05 19:39:17,https://www.linkedin.com/feed/update/urn%3Ali%3AugcPost%3A7082442836385619968,"","","",MEMBER_NETWORK
2023-06-22 01:27:29,https://www.linkedin.com/feed/update/urn%3Ali%3AugcPost%3A7077457030608756736,"","","",MEMBER_NETWORK
2023-06-20 14:03:33,https://www.linkedin.com/feed/update/urn%3Ali%3AugcPost%3A7076922528501243904,"","","",MEMBER_NETWORK
2023-06-20 14:02:48,https://www.linkedin.com/feed/update/urn%3Ali%3AugcPost%3A7076922339023572992,"","","",MEMBER_NETWORK
2023-06-18 22:57:37,https://www.linkedin.com/feed/update/urn%3Ali%3AugcPost%3A7076332152086228992,"","","",MEMBER_NETWORK
2023-06-18 18:46:49,https://www.linkedin.com/feed/update/urn%3Ali%3Ashare%3A7076269037936074752,"","","",MEMBER_NETWORK
2023-06-15 14:53:21,https://www.linkedin.com/feed/update/urn%3Ali%3AugcPost%3A7075123120826675200,"","","",MEMBER_NETWORK
2023-05-27 17:51:16,https://www.linkedin.com/feed/update/urn%3Ali%3Ashare%3A7068282526804402176,"","","",MEMBER_NETWORK
2023-05-26 20:38:18,https://www.linkedin.com/feed/update/urn%3Ali%3AugcPost%3A7067962170969350145,"","","",MEMBER_NETWORK
2023-05-24 14:11:59,https://www.linkedin.com/feed/update/urn%3Ali%3AugcPost%3A7067140177952919552,"","","",MEMBER_NETWORK
2023-04-07 17:35:36,https://www.linkedin.com/feed/update/urn%3Ali%3AugcPost%3A7050159190119505920,"","","",MEMBER_NETWORK
2023-04-07 10:20:09,https://www.linkedin.com/feed/update/urn%3Ali%3Ashare%3A7050049602959372288,"","","",MEMBER_NETWORK
2023-04-04 23:21:49,https://www.linkedin.com/feed/update/urn%3Ali%3Ashare%3A7049159154514415617,"","","",MEMBER_NETWORK
2023-04-04 15:56:06,https://www.linkedin.com/feed/update/urn%3Ali%3Ashare%3A7049046984111869954,"","","",MEMBER_NETWORK
2023-03-23 20:15:47,https://www.linkedin.com/feed/update/urn%3Ali%3Ashare%3A7044763681900941312,"","","",MEMBER_NETWORK
2023-03-13 15:25:21,https://www.linkedin.com/feed/update/urn%3Ali%3Ashare%3A7041066714138083328,"","","",MEMBER_NETWORK
2023-03-01 16:36:33,https://www.linkedin.com/feed/update/urn%3Ali%3Ashare%3A7036735979235287040,"","","",MEMBER_NETWORK
2023-01-01 16:20:50,https://www.linkedin.com/feed/update/urn%3Ali%3Ashare%3A7015351140221353984,"","","",MEMBER_NETWORK
2022-11-13 15:53:43,https://www.linkedin.com/feed/update/urn%3Ali%3AugcPost%3A6997587310804361216,"","","",MEMBER_NETWORK
2022-11-11 16:42:43,https://www.linkedin.com/feed/update/urn%3Ali%3Ashare%3A6996874866620530688,"","","",MEMBER_NETWORK
2022-09-18 18:01:17,https://www.linkedin.com/feed/update/urn%3Ali%3AugcPost%3A6977325693793660929,"","","",MEMBER_NETWORK
2022-09-08 00:16:16,https://www.linkedin.com/feed/update/urn%3Ali%3AugcPost%3A6973433793760088064,"","","",MEMBER_NETWORK
2022-06-06 04:50:49,https://www.linkedin.com/feed/update/urn%3Ali%3AugcPost%3A6939438425385185280,"","","",MEMBER_NETWORK
2022-05-26 15:05:13,https://www.linkedin.com/feed/update/urn%3Ali%3AugcPost%3A6935606777505849344,"","","",MEMBER_NETWORK
2022-05-20 16:20:09,https://www.linkedin.com/feed/update/urn%3Ali%3Ashare%3A6933451307554942976,"","","",MEMBER_NETWORK
2022-05-20 16:19:37,https://www.linkedin.com/feed/update/urn%3Ali%3AugcPost%3A6933451173806977024,"","","",MEMBER_NETWORK
2022-05-19 16:52:16,https://www.linkedin.com/feed/update/urn%3Ali%3AugcPost%3A6933097005577568256,"","","",MEMBER_NETWORK
2022-05-19 14:40:47,https://www.linkedin.com/feed/update/urn%3Ali%3Ashare%3A6933063916533022720,"Este jueves 19 de Mayo estaremos en la capacitación virtual ""El desafío del emprendedor en el liderazgo actual en el Valle del Cauca"" orientado por la Directora de Proyectos de @consultoria_bioindustrial la profesional y Magister @karinacentenorangel, están cordialmente invitados a esta gran charla, agradecemos a la @gobvalle y a @etniasvalle . Aquí el link para el ingreso los esperamos!""
""""
""https://lnkd.in/gP-WC8Mz""
""""
""#emprendimiento #ValledelCauca #Valleinvencible #liderazgo #liderazgoemprendedor""
""https://lnkd.in/gAMzj98k","","",MEMBER_NETWORK
2022-04-27 04:25:41,https://www.linkedin.com/feed/update/urn%3Ali%3AugcPost%3A6924936588468592640,"","","",MEMBER_NETWORK
2022-04-21 01:20:46,https://www.linkedin.com/feed/update/urn%3Ali%3Ashare%3A6922715724255756288,"","","",MEMBER_NETWORK
2022-04-18 03:49:31,https://www.linkedin.com/feed/update/urn%3Ali%3AugcPost%3A6921665993492561920,"","","",MEMBER_NETWORK
2022-04-07 21:04:28,https://www.linkedin.com/feed/update/urn%3Ali%3Ashare%3A6917940179194236929,"","","",MEMBER_NETWORK
2022-03-24 22:04:08,https://www.linkedin.com/feed/update/urn%3Ali%3AugcPost%3A6912881768488390656,"","","",MEMBER_NETWORK
2022-03-18 13:33:02,https://www.linkedin.com/feed/update/urn%3Ali%3AugcPost%3A6910578817300324353,"","","",MEMBER_NETWORK
2022-03-11 01:06:47,https://www.linkedin.com/feed/update/urn%3Ali%3AugcPost%3A6907854300773773312,"","","",MEMBER_NETWORK
2022-01-28 19:36:42,https://www.linkedin.com/feed/update/urn%3Ali%3AugcPost%3A6892913330982637568,Ruth Alejandra Garzón #Reconocimientos Eres una fuente de #inspiraciónparalosdemás,"","",MEMBER_NETWORK
2021-11-25 00:28:29,https://www.linkedin.com/feed/update/urn%3Ali%3Ashare%3A6869431552212815872,"","","",MEMBER_NETWORK
2021-11-25 00:25:56,https://www.linkedin.com/feed/update/urn%3Ali%3AugcPost%3A6869430906424233984,"","","",MEMBER_NETWORK
2021-10-23 02:50:29,https://www.linkedin.com/feed/update/urn%3Ali%3Ashare%3A6857508486532648960,"",https://form.typeform.com/to/TrNsnLup,"",MEMBER_NETWORK
2021-10-14 17:15:34,https://www.linkedin.com/feed/update/urn%3Ali%3Ashare%3A6854464702714585088,"","","",MEMBER_NETWORK
2021-09-15 11:22:07,https://www.linkedin.com/feed/update/urn%3Ali%3Ashare%3A6843866502328856576,"","","",MEMBER_NETWORK
2021-07-25 15:06:08,https://www.linkedin.com/feed/update/urn%3Ali%3Ashare%3A6825078710379573249,"","","",MEMBER_NETWORK
2021-07-20 23:34:59,https://www.linkedin.com/feed/update/urn%3Ali%3AugcPost%3A6823394829523828736,"","","",MEMBER_NETWORK
2021-07-20 16:06:42,https://www.linkedin.com/feed/update/urn%3Ali%3Ashare%3A6823282011583610881,"","","",MEMBER_NETWORK
2021-07-20 02:19:56,https://www.linkedin.com/feed/update/urn%3Ali%3Ashare%3A6823073950143193088,"","","",MEMBER_NETWORK
2021-07-07 22:12:51,https://www.linkedin.com/feed/update/urn%3Ali%3Ashare%3A6818663116474241024,"",https://coursera.org/share/23f47426197713e2217d92541b6dd7f4,https://s3.amazonaws.com/coursera_assets/meta_images/generated/CERTIFICATE_LANDING_PAGE/CERTIFICATE_LANDING_PAGE~6WNG2R4BQ9Y7/CERTIFICATE_LANDING_PAGE~6WNG2R4BQ9Y7.jpeg,MEMBER_NETWORK
2021-07-02 14:39:09,https://www.linkedin.com/feed/update/urn%3Ali%3AugcPost%3A6816737000448675840,"","","",MEMBER_NETWORK
2021-06-04 22:10:48,https://www.linkedin.com/feed/update/urn%3Ali%3AugcPost%3A6806703801353990144,"","","",MEMBER_NETWORK
2021-05-14 04:33:55,https://www.linkedin.com/feed/update/urn%3Ali%3AugcPost%3A6798827683338878976,"","","",MEMBER_NETWORK
2021-05-01 22:49:22,https://www.linkedin.com/feed/update/urn%3Ali%3Ashare%3A6794392317844365312,"","","",MEMBER_NETWORK
2021-05-01 22:46:29,https://www.linkedin.com/feed/update/urn%3Ali%3AugcPost%3A6794391594851188736,"","","",MEMBER_NETWORK
2021-05-01 16:21:02,https://www.linkedin.com/feed/update/urn%3Ali%3Ashare%3A6794294593249710080,"","","",MEMBER_NETWORK
2021-04-28 18:00:08,https://www.linkedin.com/feed/update/urn%3Ali%3AugcPost%3A6793232365348040704,¡Acabo de terminar el curso «Building Web APIs with ASP.NET Core» de Christian Wenz! Échale un vistazo: https://lnkd.in/eAB2SJ6 #aspnetcore #aspnetwebapi #desarrollowebbackend.,"","",MEMBER_NETWORK
2021-04-28 04:29:56,https://www.linkedin.com/feed/update/urn%3Ali%3AugcPost%3A6793028471628083200,"","","",MEMBER_NETWORK
2021-04-18 05:29:48,https://www.linkedin.com/feed/update/urn%3Ali%3AugcPost%3A6789419660778516480,"","","",MEMBER_NETWORK
2021-04-18 05:16:36,https://www.linkedin.com/feed/update/urn%3Ali%3AugcPost%3A6789416339967655936,"","","",MEMBER_NETWORK
2021-04-18 04:34:19,https://www.linkedin.com/feed/update/urn%3Ali%3AugcPost%3A6789405696401170432,"","","",MEMBER_NETWORK
2021-04-17 05:28:45,https://www.linkedin.com/feed/update/urn%3Ali%3Ashare%3A6789057008629821440,"","","",MEMBER_NETWORK
2021-04-16 15:07:19,https://www.linkedin.com/feed/update/urn%3Ali%3AugcPost%3A6788840222344978432,¡Acabo de terminar el curso «Building Web APIs with ASP.NET Core» de Christian Wenz! Échale un vistazo: https://lnkd.in/eAB2SJ6 #aspnetcore #aspnetwebapi #desarrollowebbackend.,"","",MEMBER_NETWORK
2021-04-16 15:06:53,https://www.linkedin.com/feed/update/urn%3Ali%3AugcPost%3A6788840111304953857,¡Acabo de terminar el curso «SCRUM con un café» de Carlos Solís y Oriol Reull Domínguez! Échale un vistazo: https://lnkd.in/eGF3AJ2 #scrum.,"","",MEMBER_NETWORK
2021-04-15 04:43:19,https://www.linkedin.com/feed/update/urn%3Ali%3AugcPost%3A6788320798991007744,Just finished the course “Scrum: Advanced” by Kelley O'Connell! Check it out: https://lnkd.in/evumVrW #scrum #agileprojectmanagement.,"","",MEMBER_NETWORK
2021-02-24 23:08:44,https://www.linkedin.com/feed/update/urn%3Ali%3AugcPost%3A6770479592542208000,"","","",MEMBER_NETWORK
2020-12-29 21:14:58,https://www.linkedin.com/feed/update/urn%3Ali%3AugcPost%3A6749794853166620672,"","","",MEMBER_NETWORK
2020-12-19 19:23:45,https://www.linkedin.com/feed/update/urn%3Ali%3AugcPost%3A6746142987304128512,"","","",MEMBER_NETWORK
2020-12-18 22:19:23,https://www.linkedin.com/feed/update/urn%3Ali%3Ashare%3A6745824800515637248,"",https://coursera.org/share/664dc9a27ed4b71f8384cd530fc913c9,https://s3.amazonaws.com/coursera_assets/meta_images/generated/CERTIFICATE_LANDING_PAGE/CERTIFICATE_LANDING_PAGE~86J8C8JBASJU/CERTIFICATE_LANDING_PAGE~86J8C8JBASJU.jpeg,MEMBER_NETWORK
2020-11-24 03:02:08,https://www.linkedin.com/feed/update/urn%3Ali%3AugcPost%3A6736836257030172672,"","","",MEMBER_NETWORK
2020-11-24 03:01:36,https://www.linkedin.com/feed/update/urn%3Ali%3Ashare%3A6736836123236057088,"","","",MEMBER_NETWORK
2020-11-05 04:40:16,https://www.linkedin.com/feed/update/urn%3Ali%3Ashare%3A6729975584228732928,"",https://coursera.org/share/c56648cc641f6f3dc91216004474e747,https://s3.amazonaws.com/coursera_assets/meta_images/generated/CERTIFICATE_LANDING_PAGE/CERTIFICATE_LANDING_PAGE~DA2APL9V3A4L/CERTIFICATE_LANDING_PAGE~DA2APL9V3A4L.jpeg,MEMBER_NETWORK
2020-11-05 00:14:55,https://www.linkedin.com/feed/update/urn%3Ali%3Ashare%3A6729908806270140416,"","","",MEMBER_NETWORK
2020-11-02 04:10:04,https://www.linkedin.com/feed/update/urn%3Ali%3Ashare%3A6728880822545457152,"","","",MEMBER_NETWORK
2020-10-31 01:16:22,https://www.linkedin.com/feed/update/urn%3Ali%3Ashare%3A6728112331127169024,"","","",MEMBER_NETWORK
2020-10-28 13:11:42,https://www.linkedin.com/feed/update/urn%3Ali%3Ashare%3A6727205190677671936,"",https://coursera.org/share/c293e1398536ca7aa464ce7437778954,https://s3.amazonaws.com/coursera_assets/meta_images/generated/CERTIFICATE_LANDING_PAGE/CERTIFICATE_LANDING_PAGE~VZ66AJFYBBZV/CERTIFICATE_LANDING_PAGE~VZ66AJFYBBZV.jpeg,MEMBER_NETWORK
2020-10-27 03:55:34,https://www.linkedin.com/feed/update/urn%3Ali%3Ashare%3A6726702844008828928,"",https://coursera.org/share/2e4faae79409552e777c2cedb1602550,https://s3.amazonaws.com/coursera_assets/meta_images/generated/CERTIFICATE_LANDING_PAGE/CERTIFICATE_LANDING_PAGE~9G7VZY3TW94P/CERTIFICATE_LANDING_PAGE~9G7VZY3TW94P.jpeg,MEMBER_NETWORK
2020-10-23 02:23:42,https://www.linkedin.com/feed/update/urn%3Ali%3AugcPost%3A6725230174176210944,"","","",MEMBER_NETWORK
2020-10-12 21:31:34,https://www.linkedin.com/feed/update/urn%3Ali%3AugcPost%3A6721532779248578560,"","","",MEMBER_NETWORK
2020-09-29 17:01:15,https://www.linkedin.com/feed/update/urn%3Ali%3AugcPost%3A6716753709981925376,Muy cierto y siempre hay que tenerlo presente,"","",MEMBER_NETWORK
2020-09-23 05:12:05,https://www.linkedin.com/feed/update/urn%3Ali%3Ashare%3A6714400915266318336,"","","",MEMBER_NETWORK
2020-09-22 15:35:37,https://www.linkedin.com/feed/update/urn%3Ali%3Ashare%3A6714195445570256896,"","","",MEMBER_NETWORK
2020-09-22 15:27:48,https://www.linkedin.com/feed/update/urn%3Ali%3Ashare%3A6714193475484696576,"","","",MEMBER_NETWORK
2020-09-22 15:27:29,https://www.linkedin.com/feed/update/urn%3Ali%3Ashare%3A6714193395235065858,"","","",MEMBER_NETWORK
2020-09-22 15:23:23,https://www.linkedin.com/feed/update/urn%3Ali%3Ashare%3A6714192364300304384,"","","",MEMBER_NETWORK
2020-09-21 11:12:23,https://www.linkedin.com/feed/update/urn%3Ali%3AugcPost%3A6713766811793444866,"","","",MEMBER_NETWORK
2020-09-18 19:45:21,https://www.linkedin.com/feed/update/urn%3Ali%3AugcPost%3A6712808740183166976,"","","",MEMBER_NETWORK
2020-09-15 17:24:36,https://www.linkedin.com/feed/update/urn%3Ali%3AugcPost%3A6711686153029906432,"","","",MEMBER_NETWORK
2020-09-09 16:29:15,https://www.linkedin.com/feed/update/urn%3Ali%3AugcPost%3A6709497896783425537,"","","",MEMBER_NETWORK
2020-08-29 09:26:52,https://www.linkedin.com/feed/update/urn%3Ali%3Ashare%3A6705405335168987136,"","","",MEMBER_NETWORK
2020-08-21 16:19:04,https://www.linkedin.com/feed/update/urn%3Ali%3Ashare%3A6702609964474654720,"","","",MEMBER_NETWORK
2020-08-15 04:25:15,https://www.linkedin.com/feed/update/urn%3Ali%3Ashare%3A6700256000517185536,"","","",MEMBER_NETWORK
2020-08-06 20:15:18,https://www.linkedin.com/feed/update/urn%3Ali%3Ashare%3A6697233599747428352,View my verified achievement from CertiProf.,https://www.youracclaim.com/badges/fc23d9b0-51a5-416b-b021-72eed30c1bb3/linked_in,"",MEMBER_NETWORK
2020-07-26 19:55:58,https://www.linkedin.com/feed/update/urn%3Ali%3Ashare%3A6693242468412010496,"","","",MEMBER_NETWORK
2020-07-10 04:36:16,https://www.linkedin.com/feed/update/urn%3Ali%3Ashare%3A6687212810235117568,"","","",MEMBER_NETWORK
2020-07-02 01:22:49,https://www.linkedin.com/feed/update/urn%3Ali%3AugcPost%3A6684265023256317953,"Lida Iles Dorado #reconocimiento Qué privilegio tenerte cerca, ¡viva tu #grantrabajoenequipo!","","",MEMBER_NETWORK
2020-06-27 00:43:15,https://www.linkedin.com/feed/update/urn%3Ali%3AugcPost%3A6682443128403849216,"","","",MEMBER_NETWORK
2020-06-22 15:30:18,https://www.linkedin.com/feed/update/urn%3Ali%3AugcPost%3A6680854422089805824,"","","",MEMBER_NETWORK
2020-04-03 14:33:29,https://www.linkedin.com/feed/update/urn%3Ali%3Ashare%3A6651849095491182593,"Scrum Master una certificación para crecer profesionalmente. Lo haré en IT Service. #ComunidadITService / https://itservice.com.co/""
""Andrey David Sarria Patino Jaiwer H Ramirez Matallana Angela Patricia Gomez","","",MEMBER_NETWORK
2019-09-28 16:48:26,https://www.linkedin.com/feed/update/urn%3Ali%3Ashare%3A6583754138608291840,"","","",MEMBER_NETWORK
2018-06-28 17:32:06,https://www.linkedin.com/feed/update/urn%3Ali%3AugcPost%3A6418153871503351808,"","","",MEMBER_NETWORK
